client_id,Program,0,1,2,3,4,5,6,7,8,9,10,11,12,13,14,15,16,17,18,19,20,21,22,23,24,25,26,27,28,29,30,31,32,33,34,35,36,37,38,39,40,41,42,43,44,45,46,47,48,49,50,51,52,53,54,55,56,57,58,59,60,61,62,63,64,65,66,67,68,69,70,71,72,73,74,75,76,77,78,79,80,81,82,83,84,85,86,87,88,89
0,IBHS,3,1,0,2,1,0,-3,-2,0,-2,0,-1,-3,2,2,2,3,2,0,2,3,2,-3,-2,1,2,1,0,2,-3,2,0,3,1,2,2,-2,-2,2,0,-1,-2,2,-3,-3,1,1,-2,1,0,-3,2,2,1,-1,2,2,-2,-3,1,-1,0,-3,-1,0,-3,0,2,3,-2,0,0,1,2,1,-1,3,-1,3,-3,-2,1,1,1,-3,-3,3,-1,3,0
1,IBHS,1,2,3,3,2,-2,-2,-3,-3,-2,2,1,0,-1,1,2,3,0,-2,-1,3,-2,-1,-2,3,3,-3,-3,1,-2,-3,1,-1,3,2,3,1,2,0,-3,2,2,2,-1,-1,-3,-1,2,-2,3,3,-1,-1,-2,3,-3,2,3,-3,3,1,-3,-3,3,0,2,-1,3,-3,3,2,-1,-2,1,-3,2,3,-2,3,0,3,2,-2,0,2,2,-2,1,3,0
2,IBHS,0,0,1,0,3,-1,-1,-3,-3,0,1,3,-3,-2,-3,-1,1,3,2,-2,-2,-2,3,-3,-1,0,-3,-1,2,-1,3,-2,-2,0,-2,-2,3,0,1,0,0,1,2,-3,-3,3,-3,-1,0,2,-3,-2,-1,-3,-3,-1,0,0,-3,3,-2,3,-3,-3,1,-2,-1,2,-3,0,-2,-1,-2,1,3,-3,-3,2,1,-1,1,0,2,0,2,1,3,-1,1,1
3,IBHS,3,0,0,1,1,-3,-2,0,-1,-3,-3,0,-3,0,-3,3,3,2,-2,-3,-3,-2,1,3,-2,1,1,-2,2,0,-3,2,1,2,-1,-3,-3,1,-3,2,1,0,1,3,-3,-1,0,0,0,2,3,3,1,1,1,0,3,0,3,1,-3,0,3,3,-3,-3,2,-2,2,1,3,-1,0,-3,-3,-3,2,2,3,-1,-3,-2,-3,1,1,1,-2,2,2,3
4,IBHS,1,0,1,2,3,-3,0,0,-2,-3,-3,-3,-3,2,-3,-2,2,2,-1,-3,-2,1,-1,3,-1,-2,1,2,-2,1,2,-1,-1,3,-2,1,0,-3,0,-1,-1,-1,-3,0,3,-3,-2,3,2,2,2,1,-3,3,-1,-3,-3,1,-3,0,1,3,0,0,-3,0,-2,3,2,1,-3,2,0,3,3,-2,-1,2,-1,2,0,-3,-2,3,2,-2,3,-1,2,2
5,IBHS,1,3,3,3,3,0,-3,0,-3,-2,-1,1,0,0,2,0,1,-3,3,1,2,-3,0,1,3,3,-3,-3,1,-1,-3,0,0,0,1,3,0,-2,-2,-2,-3,-1,-2,-2,0,3,-2,0,1,-2,2,3,3,1,-1,-1,0,0,-3,0,-3,0,1,1,-2,0,-2,3,1,-3,2,1,-1,2,-1,0,0,-1,0,2,-3,-1,-1,-3,0,0,3,0,2,-2
6,IBHS,0,0,3,2,0,-2,-3,-1,-1,0,2,-2,1,-1,-1,3,-3,-1,-3,1,-1,0,-2,-3,-2,2,-2,-3,-1,1,3,1,-1,-1,-1,-3,-2,2,3,2,-3,1,0,-1,-1,3,-2,3,1,-1,3,-3,-2,3,1,0,-3,-3,1,-2,2,-1,0,-2,-2,1,-3,-2,0,0,1,-2,3,0,2,3,0,1,-1,-3,-2,3,1,-2,0,-3,0,-3,-3,1
7,IBHS,1,3,1,3,0,-3,-3,0,0,-2,3,-3,-2,-3,3,2,-3,-3,3,2,0,0,0,-3,-1,2,0,1,1,2,-3,-2,3,2,3,0,2,-2,-3,1,-2,1,2,1,1,3,3,2,1,2,-1,-1,3,1,-1,-3,3,2,-1,2,-1,-2,3,0,-1,-1,1,3,-3,-1,3,1,-2,-3,-2,-1,1,1,3,1,-1,3,2,-1,0,0,0,0,2,-3
8,IBHS,1,2,1,0,3,-2,0,-2,0,-1,-3,2,0,3,1,-2,3,1,3,-3,-1,0,0,1,-3,2,-3,-2,1,2,-2,1,-3,-2,0,-1,-2,-3,-2,3,2,0,2,-1,0,3,-1,0,-2,2,3,2,1,1,1,-2,2,0,1,2,2,1,-3,-1,-3,-1,3,3,-3,1,0,-3,-2,-2,-1,1,1,1,2,-2,2,-2,0,3,-1,3,-1,2,-2,-1
9,IBHS,3,2,2,0,0,0,0,-3,-2,-1,3,1,-2,-3,0,-1,-2,-2,1,2,-2,-1,-3,1,3,2,2,0,-2,-3,1,1,-2,3,-3,3,3,-1,-1,1,3,1,-1,-1,-3,-1,-1,3,-2,2,-3,0,3,1,1,-1,0,-2,3,1,-2,-1,-3,-2,1,-2,-2,1,0,2,1,0,2,1,0,3,-3,3,1,-2,-3,0,3,-2,-1,-1,-2,3,2,0
10,IBHS,2,1,1,3,0,0,-3,0,-2,-1,3,-1,1,0,3,1,-2,-2,-2,3,-2,-3,-2,0,-3,1,-2,-1,0,2,-1,2,2,-3,0,-3,-2,-1,3,-2,2,2,2,3,2,1,-1,3,-2,-1,-3,1,3,2,0,1,-2,2,2,-1,-1,3,-2,2,1,3,1,-3,2,-1,-2,0,-1,1,-1,0,-1,2,1,-3,2,2,-1,1,0,-3,3,1,1,-3
11,IBHS,2,2,2,3,1,-2,-3,-3,-2,-1,-1,3,3,3,1,1,0,-1,-1,-3,3,-1,0,1,3,2,0,2,0,2,3,0,-2,-3,3,2,1,-1,-3,0,-3,1,-1,0,-3,0,3,3,1,-3,1,2,-2,0,-1,1,-2,-2,2,-2,-1,-3,-3,-1,0,-1,0,0,-2,-1,3,-2,2,1,3,3,-3,3,3,3,-2,-1,0,3,-2,-3,2,-2,2,-3
12,IBHS,1,0,3,3,2,-3,-1,-2,-3,0,1,0,-1,-2,3,-1,3,0,-1,0,-2,2,-3,1,1,-3,-2,3,1,2,2,2,-1,1,-2,3,-3,0,-1,3,-1,3,-3,-3,0,2,-2,2,3,3,2,2,0,-1,3,1,3,1,3,-1,-3,0,-1,1,-2,0,-3,-3,0,-3,2,-2,0,-1,0,-2,-3,3,0,-1,1,-2,-2,1,-2,-2,0,-2,0,1
13,IBHS,1,3,3,3,0,-3,-3,-2,0,-1,-2,1,3,-3,2,1,-1,0,-3,-2,3,0,1,-1,-1,-2,-3,-1,-1,0,0,0,1,1,-1,-2,3,-3,0,1,3,-1,1,2,-3,3,-2,-3,-2,1,1,-2,-1,2,2,1,0,0,1,0,-3,-2,2,2,1,-2,-3,2,-2,-3,0,1,1,-2,-3,-1,-2,-3,-2,-1,2,-1,1,0,1,0,1,3,1,2
14,IBHS,0,1,2,0,1,-1,-2,-3,-2,0,-1,-1,-3,-2,0,1,-3,-1,0,-2,3,-1,-1,-3,2,3,-3,-1,3,1,-2,-2,-1,3,1,2,1,-3,-3,-2,-1,3,3,1,3,-3,0,-2,2,2,-3,3,1,1,3,-3,1,-2,-3,1,2,-3,-2,0,3,2,1,0,2,-2,-2,0,-3,2,3,0,-2,1,2,0,2,0,-3,0,3,-3,-3,2,0,-3
15,IBHS,0,3,2,2,1,-2,-1,-2,-2,-3,-3,-2,0,2,0,-3,1,-3,-2,0,1,0,0,2,-3,-2,0,-3,-1,2,-2,1,-1,2,-2,-1,1,2,-3,-2,0,2,-1,2,3,-2,-3,0,0,-1,3,1,0,-3,1,2,1,1,2,-1,0,-2,1,-2,-1,-2,-3,1,1,0,3,0,3,-2,0,-3,-3,1,2,-2,1,1,3,3,-3,-3,-3,2,-1,-3
16,IBHS,3,1,3,2,2,-3,0,-3,-1,-1,3,2,2,-2,3,1,1,-1,3,3,3,2,-2,-1,-1,-1,-3,1,-2,3,3,-1,3,0,-2,-1,2,3,-2,-3,3,-2,1,-1,2,3,-3,-3,3,2,-2,3,3,0,2,0,2,3,2,-3,-1,-1,0,3,0,2,3,2,-3,-3,-1,2,1,3,1,1,2,-1,3,3,-2,-2,1,0,3,3,3,-2,-2,3
17,IBHS,1,2,0,0,0,-1,-3,-1,-3,0,-3,-1,3,-2,1,0,0,-3,0,1,-1,-2,0,3,-3,-3,0,2,3,1,-3,-2,-2,-3,-3,-1,-1,-2,3,2,1,0,-3,1,-3,-3,-3,-3,1,0,-2,1,-2,1,-1,3,1,2,-2,-3,0,-3,-2,-1,-3,0,-3,3,-3,1,1,-3,0,-2,0,2,1,1,3,-2,3,1,-2,-2,0,2,0,1,-3,1
18,IBHS,0,2,1,0,0,-2,-2,-3,0,-1,-2,-1,-1,-3,-1,1,1,3,2,-3,-2,-2,-2,-1,1,-2,3,-2,1,-1,1,3,3,-2,0,0,3,0,3,2,-2,-2,-2,3,0,1,-1,2,0,3,-3,0,-3,3,-1,1,1,-2,0,1,2,0,0,1,-3,0,3,1,1,1,3,1,-2,2,-2,-3,1,0,-2,-2,-1,-2,-1,2,3,0,-3,1,3,2
19,IBHS,3,3,1,1,1,-2,-2,-2,-1,-2,-1,0,-1,-3,0,-2,-3,0,-1,1,3,-2,-1,3,-2,0,-2,-2,-3,1,2,2,-2,0,-3,1,0,-3,0,3,3,1,1,-3,1,-2,-1,-1,-1,3,2,-3,-1,1,0,-3,-2,3,2,0,1,-3,-1,-2,0,3,2,1,-1,0,0,-1,-2,-1,1,0,0,1,-1,1,-1,-3,0,-1,0,0,-2,1,-2,2
20,IBHS,2,3,0,3,3,-3,0,-2,-2,-2,1,-1,1,-3,2,-2,1,0,-3,2,-3,-2,-3,0,-1,-3,-1,1,1,-1,3,-3,-1,3,1,0,1,-3,1,-2,-1,0,-3,0,-1,-2,-3,-1,2,2,-3,-2,0,2,2,0,-3,-1,1,1,-1,3,-2,1,-3,2,2,-2,0,1,-1,-2,-2,-1,3,-2,-2,-2,-1,-3,-1,0,-3,-3,-1,-1,1,-2,3,0
21,IBHS,1,1,0,3,2,0,-1,-2,-1,-2,0,2,-1,1,2,0,-1,3,0,-3,1,-3,-3,-2,-2,0,2,0,-3,-1,-3,-2,2,3,-3,0,-2,3,0,1,2,3,3,1,-2,-1,-2,3,1,1,-3,0,2,1,3,-3,1,-1,-1,-1,-3,1,-1,0,3,3,-1,2,3,1,0,2,3,-2,0,0,2,2,1,3,2,3,-3,2,1,3,3,2,-3,2
22,IBHS,0,0,2,3,2,-1,-3,-2,-1,0,1,-1,1,-3,-2,-2,-2,-3,-3,-1,0,-1,-2,3,-3,3,2,3,-2,-1,2,2,1,-2,1,2,2,-1,0,-2,1,2,-3,-3,3,2,2,-2,-2,3,3,1,2,-3,-2,2,-1,-2,-3,-3,-3,1,-3,2,2,0,0,-3,1,-3,3,-3,0,-2,-2,-1,-1,-2,2,-1,2,-1,-3,3,2,2,0,3,0,3
23,IBHS,0,1,1,0,0,-1,-3,-2,-3,-2,-3,-3,1,3,0,-3,-2,-3,-1,0,2,3,-3,2,-2,-1,1,-2,3,-3,1,-1,-1,1,0,-3,-1,3,-2,-3,3,-3,2,-1,-3,-2,-2,2,-1,-2,-1,-1,-3,3,1,1,2,3,1,1,3,3,3,-3,3,2,-2,0,-3,-3,2,2,-2,-2,1,3,-2,-1,0,1,-2,-2,3,1,-2,1,0,-1,2,2
24,IBHS,3,3,3,3,1,-2,-2,0,-1,0,1,3,-3,-3,3,-2,3,0,-3,1,-1,-1,2,-2,3,-3,-3,2,0,-2,3,1,3,0,3,1,-2,-1,3,0,-3,-2,0,-1,-3,0,1,-1,-2,-1,3,1,3,3,1,0,2,-1,-2,-1,3,-3,3,-3,-1,-2,-3,0,0,3,-3,-3,0,1,-3,3,2,-1,-1,0,2,0,-2,0,2,-3,-1,-1,1,3
25,IBHS,0,3,0,1,0,0,-3,-1,-2,-2,3,-2,-1,0,-1,-2,2,0,-1,0,-1,-2,-2,-3,1,2,-2,2,-2,0,0,-1,0,-1,-2,1,1,1,1,2,-2,-2,2,0,-3,-1,3,0,0,2,-3,1,-2,0,0,2,0,2,1,1,-3,-3,-1,-2,0,2,-1,3,1,2,3,-2,3,2,3,-1,3,-1,2,3,2,3,-1,-2,0,1,-3,2,-2,2
26,IBHS,2,3,2,0,3,-1,-3,-1,-1,0,2,-2,3,-2,-3,-3,-1,3,0,-1,-1,1,3,-2,1,-2,-3,-2,-3,3,-1,-2,2,3,2,-3,-3,3,0,1,1,0,-1,2,1,-3,-2,1,-2,-3,-1,1,2,0,-3,-1,1,3,2,-3,0,3,3,-2,0,2,3,-1,1,-2,-1,3,1,0,1,-3,2,0,3,-1,-1,0,3,0,1,-3,0,-2,-2,-3
27,IBHS,2,0,0,0,2,-2,-3,-2,-1,-3,-2,3,1,0,-2,-1,-1,-2,-2,1,-1,-3,-3,-2,-2,1,2,-3,-2,1,1,3,1,-2,-3,3,0,-2,2,-3,-1,-3,3,-1,-3,-1,0,-2,-1,3,-1,2,-2,-2,1,1,-3,2,3,2,3,3,2,0,3,3,0,0,3,2,-3,1,2,3,-2,3,3,-2,-3,3,3,-2,3,3,3,-2,0,-3,3,-3
28,IBHS,3,3,3,2,3,-3,-2,-3,-1,-3,2,-1,-1,0,1,3,-2,1,1,-1,-3,2,-1,-1,-2,2,1,-2,-2,2,3,0,0,-2,-2,0,-2,-3,3,-3,-3,0,3,2,2,2,-2,2,0,-1,2,3,-1,0,2,-2,0,0,2,-3,-1,1,-2,0,3,1,-3,1,0,1,2,-1,-1,-1,2,0,0,2,-2,3,0,1,0,-3,1,2,-2,-1,1,2
29,IBHS,2,1,3,0,3,-2,-1,0,-2,0,-3,-1,-1,0,-2,-1,0,3,-3,3,-1,-2,3,-3,0,-3,1,-3,0,3,3,3,1,-3,3,3,3,-2,-2,-3,-1,3,-1,1,-3,3,0,-3,1,-3,2,0,0,3,3,-2,-3,-1,-3,-3,0,-2,-2,0,-3,0,0,1,3,-1,3,-3,1,3,3,2,-1,-1,0,2,0,0,3,0,0,2,-3,2,-3,3
30,IBHS,3,0,0,3,1,-1,0,-1,-3,0,-3,3,0,3,0,-1,1,0,-1,2,2,3,-2,-2,2,0,3,-2,3,0,-3,3,0,0,-2,3,3,2,3,-3,2,0,3,-2,-1,1,-2,0,-2,-3,3,-3,0,-2,3,-1,-3,3,3,-3,0,2,0,0,2,1,2,-1,1,2,3,-3,3,-1,2,-1,-2,3,2,1,-2,3,-2,0,-2,2,2,-1,-1,-1
31,IBHS,3,1,0,1,3,-3,-3,-2,-3,-1,-1,-2,-1,-3,3,1,3,-3,1,3,-3,3,1,2,-1,3,1,2,1,0,-2,-3,2,-3,3,0,-1,0,-1,3,2,-1,1,1,1,-2,2,-1,-3,2,-2,1,2,-2,-2,1,1,3,-2,-3,-2,2,2,0,1,1,-3,1,-1,0,-1,3,2,1,0,-1,0,-3,3,-3,0,2,-2,2,1,1,-1,2,3,-2
32,IBHS,1,3,0,1,2,-1,-2,-3,-1,0,-2,-3,2,2,-1,3,-2,2,3,-1,-1,3,-1,2,1,3,-3,1,3,-1,1,2,0,-3,1,-2,1,1,3,-3,3,0,-3,2,3,-1,-3,3,2,-3,3,-2,-2,-1,2,-3,0,-1,-3,-1,3,0,-1,1,1,2,3,-3,3,-3,-3,2,0,3,3,1,1,2,-1,3,3,0,-1,-1,1,2,1,3,-3,3
33,IBHS,2,1,3,1,0,-1,-1,-1,-1,-3,-2,-1,-3,-3,2,-1,2,2,0,3,0,-1,0,2,2,-3,3,-3,0,-2,1,2,2,-3,-3,1,0,-3,1,1,-2,-2,0,-3,-2,0,-2,-2,0,3,2,3,3,0,1,0,-2,0,-3,3,-2,-2,-1,0,-2,-1,1,-2,2,-1,-2,1,-3,-3,2,-3,-1,3,-2,3,1,1,2,-1,-2,-2,0,-1,3,3
34,IBHS,3,2,1,0,3,-2,-1,-3,0,0,0,-3,3,2,-2,0,2,2,-2,-3,-1,-1,1,-2,-2,0,1,0,0,3,-3,1,-3,1,-2,-2,0,1,-2,1,2,1,1,2,2,0,2,1,2,2,0,0,3,3,-2,0,-3,0,2,0,-1,-2,-3,-3,1,1,3,-1,2,3,0,2,2,-3,-3,3,3,3,-3,1,2,-2,2,-3,-1,1,3,-2,3,-2
35,IBHS,2,0,0,3,2,-2,-3,-1,0,0,1,0,-1,1,-3,-3,-2,2,2,3,1,3,-3,2,-2,-2,-1,2,0,1,2,1,-1,2,-2,0,-3,3,3,0,2,2,-1,0,0,-1,0,1,-1,-2,2,1,-2,1,2,3,3,0,0,0,1,-2,-1,3,-1,-3,-2,1,-2,-1,-2,-1,2,-3,1,-3,2,-2,-2,1,0,1,-1,-1,-2,-3,-1,-1,-3,-2
36,IBHS,0,1,3,2,3,-1,-3,-1,-1,0,0,2,3,-2,2,1,-2,2,1,-2,-3,-2,3,0,-3,2,-3,-2,3,-1,1,3,2,-2,1,1,3,2,2,-1,3,2,0,-2,1,1,-2,-2,-2,0,2,3,0,-1,1,2,-2,-3,-3,1,1,-2,1,2,2,2,3,0,-2,0,2,-2,-2,-1,1,-3,-1,2,0,3,1,1,3,-2,-3,-1,-3,0,3,1
37,IBHS,0,1,2,1,1,-2,0,-3,-3,-2,-1,-3,-3,0,1,-2,-2,-1,-1,-3,-1,-1,1,-1,0,-3,1,1,-2,3,-1,1,-2,3,-2,-1,-3,-1,-1,-2,-2,-1,-1,-1,3,-1,2,-2,-3,0,1,3,2,-2,-2,-2,-2,3,3,-3,-2,2,-3,-3,-3,-2,0,1,1,2,0,-3,0,0,2,2,-2,-3,-1,1,3,0,0,2,-3,0,1,0,0,-1
38,IBHS,0,2,1,2,0,-2,-3,-1,-3,0,-1,-1,3,0,1,1,2,-2,-2,-2,-2,3,2,-2,1,-3,0,-3,-3,2,-2,-2,-3,-2,-1,-1,-3,-3,2,0,-2,-1,-1,1,3,-2,-1,-3,0,-3,3,-2,2,2,2,-2,1,0,-2,2,0,1,-3,1,1,-1,0,1,-2,1,3,-2,-3,-3,1,-3,1,-2,1,-3,-2,2,1,3,2,1,1,2,-2,0
39,IBHS,1,3,0,0,1,-3,-2,-1,0,0,2,1,-3,3,-2,1,-1,-3,0,-1,0,-3,1,3,3,1,1,0,3,-2,1,-1,1,-2,0,-1,-1,3,1,3,-2,1,-1,-3,-3,-2,3,0,-2,-2,3,0,0,2,-2,3,-2,2,1,-2,0,1,0,-1,1,-2,2,-1,2,3,-1,-2,-3,-3,-3,-3,1,-3,-2,1,1,-2,3,-3,3,-1,-1,-3,-2,-3
40,IBHS,1,3,3,0,0,-1,-3,-3,-2,-1,3,-1,1,-2,2,2,2,0,-2,-1,3,-2,-1,-1,-1,3,-1,2,-2,2,3,1,-1,-1,3,-2,-2,-3,2,2,1,-3,0,-3,2,-1,0,2,0,3,0,-3,0,0,2,0,0,-3,-2,-2,2,0,-2,-1,-3,3,-3,-1,-3,2,-3,2,2,-2,0,0,0,-2,2,3,1,1,3,-1,-1,3,2,1,3,-1
41,IBHS,0,3,3,1,1,-1,-2,-2,-2,0,2,3,-2,0,1,1,1,-3,1,-3,2,1,0,-1,-2,-2,3,-2,-3,-2,1,3,-1,-2,2,2,-2,3,-1,-3,-3,3,-3,-3,2,-1,1,-1,-1,0,1,3,3,1,-3,2,3,1,0,-2,2,-1,3,1,-1,2,0,-2,-2,-2,3,3,-2,2,-3,0,1,-3,1,2,0,3,2,2,2,-1,-1,-3,-1,-1
42,IBHS,1,1,0,0,2,0,-1,-1,-3,-3,3,0,2,1,-1,3,3,1,-1,0,-3,-3,1,-3,0,3,1,2,1,-1,-1,3,1,2,-2,0,1,1,3,0,2,-2,1,3,2,-3,2,-1,-3,-1,-2,0,2,-2,-2,3,2,3,1,-2,1,-3,2,-1,3,1,2,0,0,1,-2,0,-2,2,-1,1,1,1,2,1,-3,-1,-1,2,-1,0,1,-3,-1,3
43,IBHS,1,0,3,1,1,-3,-1,0,-2,-2,-2,1,-1,1,1,-2,-1,2,0,-3,2,1,-2,-2,3,0,2,0,-2,-2,2,-3,2,1,-2,2,3,2,-3,3,-1,-3,1,0,3,-2,-1,-3,0,3,3,1,-2,0,2,3,2,-1,2,-1,1,-2,0,3,-1,-3,-3,-3,-1,2,3,0,-2,-3,3,2,2,-2,1,2,0,-2,3,2,-3,1,-2,3,-2,2
44,IBHS,0,1,3,0,1,0,-3,0,-2,0,0,-1,-1,1,0,2,-1,-2,-1,2,1,-3,-2,3,-3,1,3,-1,2,-2,0,-2,2,0,-2,-3,1,-3,-3,-3,3,0,0,-1,0,1,0,-1,1,0,-3,-3,-1,2,0,2,-2,-3,0,1,2,3,2,-3,-2,2,0,-3,-3,-1,-1,3,2,0,2,2,2,0,2,2,0,1,0,3,-2,2,-3,0,-2,0
45,IBHS,2,1,0,2,1,-3,-3,-2,-2,-3,0,-2,-1,-2,1,3,0,-1,-2,3,1,-1,-2,1,-2,0,-2,-2,-1,-2,3,-3,-2,0,-1,3,2,-2,3,3,3,-3,0,-2,-3,1,-3,-2,1,0,0,-2,-3,1,-3,1,0,0,-3,-2,-2,-3,2,3,-2,-1,-2,2,0,-3,2,2,0,1,2,2,1,-1,0,2,-3,2,-1,0,2,2,3,-2,-1,0
46,IBHS,3,3,1,3,3,0,-1,0,-2,-1,-1,-1,3,0,-1,-2,3,1,0,1,2,-2,2,1,1,-1,-2,2,-1,1,-1,-1,3,-1,2,3,-3,3,0,-3,-1,-1,1,-3,-1,-3,-2,1,2,1,-3,3,-3,1,2,3,-2,-3,-2,2,-2,3,0,-1,-2,-3,-1,1,3,0,-3,-3,1,2,-1,-1,3,3,-2,0,-3,3,3,-3,3,3,-1,3,-3,1
47,IBHS,2,2,3,3,1,-2,-2,-2,-3,-1,-1,-2,2,2,-1,0,1,2,1,0,-1,-3,2,-3,-2,-2,3,1,-2,2,0,2,-1,0,1,-1,-2,1,-1,3,0,2,0,1,-2,3,-2,1,1,2,2,0,-1,3,2,1,-2,0,2,3,0,2,3,3,1,2,0,1,-1,1,-3,2,-1,-3,-3,-3,0,-2,0,-2,0,3,-3,1,-1,3,-2,-1,3,-1
48,IBHS,1,1,3,3,2,-1,0,-2,0,-3,-1,-2,-2,3,1,-1,-3,-1,-2,-2,2,-1,-2,-3,1,0,-1,3,0,-3,1,-3,2,-1,3,0,-2,3,-1,1,0,0,1,-2,-3,2,-3,0,3,3,1,3,3,0,-1,1,0,1,-1,1,1,1,0,0,-1,0,2,-3,1,-3,0,3,1,-2,-1,1,0,-1,2,0,2,-1,-3,-3,0,-1,-1,2,-2,3
49,IBHS,3,2,1,0,0,0,0,-3,0,0,-1,3,0,-1,-3,-1,3,3,-3,0,1,2,3,-1,-3,2,-3,-2,-1,3,2,1,2,2,-3,-3,3,-1,3,-3,3,3,3,-1,-2,3,0,-3,-1,-2,1,0,0,-1,-3,-3,-3,-3,-3,3,3,0,1,2,3,-2,1,0,3,2,-2,3,-1,-2,-2,-1,2,-3,3,-1,-1,-1,3,0,2,-1,0,0,0,-1
50,IBHS,1,0,1,3,3,-1,-1,-3,0,-2,-1,-1,0,-3,2,1,-1,0,1,1,2,1,-2,-3,-2,-3,0,-2,3,-1,0,3,-1,-3,1,-2,-3,2,0,0,-2,-2,0,-1,1,0,-3,0,0,3,3,3,3,-1,-3,0,0,-3,0,2,-2,1,2,-1,-1,3,-2,0,2,0,2,-1,-1,-1,-3,1,3,-1,-1,-1,1,-2,-1,-1,1,-3,-2,2,3,2
51,IBHS,2,2,0,2,3,0,-2,0,-3,-1,2,0,-3,-3,0,0,-2,-3,-2,3,-3,-3,2,-2,-2,-2,-2,3,0,3,3,-1,-3,0,0,3,-1,-2,-3,1,3,0,-2,3,2,0,2,1,-2,3,-1,-3,-2,-2,2,-1,-2,2,0,0,0,-2,3,0,-3,-2,-2,0,-2,0,-2,-3,1,-1,-2,-3,1,2,-1,0,0,3,-3,1,0,1,3,0,3,-1
52,IBHS,2,0,0,2,1,-3,-3,-3,-1,0,-3,3,-2,-1,2,3,1,1,0,2,-1,-3,0,-2,-1,0,-2,2,2,-2,3,3,2,0,0,3,-1,1,3,-1,3,0,-2,1,1,3,2,-2,0,3,3,-3,2,2,-1,1,2,-1,-1,-3,0,-2,2,2,3,-2,-1,2,-1,0,-2,-3,-1,0,0,-1,-3,1,2,-2,1,-3,-3,2,0,-1,-2,2,0,-3
53,IBHS,2,1,0,0,2,0,0,0,0,-1,1,-3,-1,-2,-2,1,0,-1,2,0,2,0,-1,-1,3,2,-1,0,-2,-1,-1,2,1,-1,-3,-3,0,-2,2,-1,2,1,0,0,2,-1,3,-1,2,-2,-1,1,-2,-1,2,-3,2,1,0,3,2,-1,-1,1,-2,2,0,-2,1,-1,1,-2,-3,-3,-1,3,2,2,-1,-3,-2,1,-3,-2,0,1,-2,1,-3,3
54,IBHS,3,1,3,3,3,0,0,-1,0,0,0,-1,0,-1,-1,2,0,-3,-1,3,3,-3,-3,1,0,-3,-3,-2,-3,0,2,0,-1,2,3,0,2,-2,2,1,0,-1,2,2,3,-3,-1,-2,1,3,-1,3,-3,-1,1,0,-2,0,0,3,-3,-1,2,0,0,2,-2,1,0,3,-2,1,2,1,-1,3,2,0,-2,-1,0,-2,0,3,0,0,-3,-3,-2,-2
55,IBHS,1,2,0,0,0,-2,-2,-3,-2,-3,-3,1,-2,1,-1,1,3,1,0,-2,1,3,-1,-1,3,0,3,3,3,3,3,-1,-1,-1,-1,2,1,3,2,-1,-1,2,-3,-2,2,-3,-2,0,-1,1,2,-1,2,-1,-3,1,2,-3,1,2,3,-2,3,1,-2,2,1,-2,1,2,1,3,3,-1,-2,1,0,1,-1,0,2,1,1,-2,0,3,2,1,1,-1
56,IBHS,0,1,3,2,3,-3,0,-2,-3,-2,0,-2,1,2,0,2,-3,-3,1,3,3,-1,0,-1,2,-3,3,1,2,-2,-2,-3,2,2,-2,-2,-1,-2,3,3,-3,-1,-3,-1,0,1,3,1,2,-1,0,-1,-2,-3,-3,3,1,-3,-2,3,-2,0,0,1,3,1,-3,-1,-1,-3,-3,3,-3,3,3,1,1,3,0,2,2,-2,0,0,-3,3,3,1,0,2
57,IBHS,0,1,2,2,3,-2,-3,-2,0,0,0,3,-3,-2,-2,2,-1,3,1,1,0,-1,-2,2,-1,-2,1,-1,-2,1,-3,-1,1,-1,1,1,3,3,0,-1,-3,1,-2,1,0,1,1,-3,-1,-1,1,-1,-3,0,3,-1,-3,1,0,2,-2,3,1,3,-3,2,-3,1,2,1,0,1,0,1,3,-2,0,1,-1,1,1,-1,1,3,-1,3,-1,-3,1,-2
58,IBHS,0,1,0,0,2,-2,-3,-2,0,0,1,-2,-3,3,3,0,-3,-3,-1,-3,-2,3,-3,1,-3,0,1,2,1,0,2,3,2,1,1,3,0,3,2,-1,-2,3,-3,-2,1,-3,2,1,0,1,-3,2,2,2,-2,3,3,3,1,-3,3,0,-2,2,-3,3,3,3,-3,3,-2,-3,3,3,-1,2,-2,3,-1,1,-2,1,0,-2,0,2,-1,3,-2,-1
59,IBHS,3,0,0,0,1,-1,-2,-3,0,-2,3,-1,-2,-1,-1,-3,0,0,-2,-3,1,2,1,-3,2,-3,-3,3,1,-2,-3,-1,0,3,2,-2,0,-3,3,2,0,-2,0,-1,-3,3,-1,-3,2,-2,-3,-2,-3,2,0,-1,-1,1,0,-1,1,-3,-3,1,-1,-3,-2,3,-2,2,3,2,-2,0,-2,2,-3,-2,-2,1,3,-3,3,1,3,-1,-2,3,1,2
60,IBHS,0,1,2,3,3,0,-3,-3,-1,-2,3,2,-1,1,-3,3,3,-3,0,-3,-1,-1,-3,0,-2,-1,-2,-2,0,1,3,1,-3,-3,0,1,2,3,0,2,1,2,2,-2,1,-3,3,1,-2,1,-2,1,3,-2,2,3,-2,-2,-1,-3,-3,-2,-2,-3,3,0,-2,-2,2,0,3,-2,-2,0,1,2,-1,0,-2,0,-1,2,3,-3,-2,-3,-1,3,-3,1
61,IBHS,2,1,1,2,1,-3,-1,0,0,-1,1,0,-3,-3,1,-1,-1,0,2,2,2,3,3,-2,-3,-2,-3,-3,3,-1,-3,-1,0,0,-3,2,2,1,3,1,-2,1,1,3,0,0,3,3,3,-1,2,1,1,-1,1,3,1,-3,3,-2,0,3,1,-1,0,0,3,0,1,1,3,-1,3,-2,2,-1,0,3,1,1,0,1,-2,-1,-2,1,-3,2,-1,2
62,IBHS,0,1,1,3,3,-2,-3,-3,-2,-3,2,2,-1,2,2,1,-3,3,2,3,-3,-2,-2,-3,-1,-3,2,-1,2,-3,-2,1,3,-1,1,-2,1,2,3,1,1,-3,-3,1,0,3,-3,1,3,-3,-1,-3,0,0,-3,0,-3,-1,2,-2,-3,1,3,-1,1,3,-2,1,1,1,3,-1,-2,-1,-3,-1,-2,2,-2,1,1,3,3,2,-2,1,2,-2,-2,-2
63,IBHS,3,0,1,3,1,-3,0,0,-1,-3,-3,1,1,3,-3,3,0,0,-3,3,-1,3,2,0,0,0,2,-2,-1,-3,2,0,2,1,1,-2,-3,2,-2,-1,-2,0,1,1,-1,2,0,1,-3,0,2,-1,-2,0,-1,1,-2,0,-1,1,0,-2,1,2,3,-1,2,-3,-3,2,3,-2,-1,2,0,-3,-3,-1,3,2,1,1,1,-2,0,1,2,1,-3,1
64,IBHS,3,0,3,2,0,-3,-3,-1,0,-3,1,-2,-3,-2,0,-3,-2,-2,0,1,-1,0,-2,2,3,-1,-2,0,-2,2,-3,-1,1,3,1,1,2,2,-2,2,2,0,1,-3,1,0,-1,-1,2,-1,-2,3,-1,3,-2,-1,-1,0,-3,1,3,3,3,0,-2,0,-1,-1,0,1,3,0,-1,-2,-3,2,-3,0,1,3,0,2,0,2,1,3,2,-1,0,-1
65,IBHS,2,1,0,0,2,0,-2,0,0,-2,-3,3,2,2,3,0,-2,-3,0,3,-3,-1,2,-3,0,1,3,1,1,-2,0,0,0,-3,2,3,0,-1,-3,0,0,-1,-1,-1,3,-3,0,-1,-3,-3,2,3,1,3,3,-3,0,0,2,3,2,2,3,2,-2,1,1,2,0,3,2,-2,-2,2,0,-1,-1,-2,-3,1,0,1,0,0,2,-2,2,2,-1,-3
66,IBHS,0,0,3,3,2,-3,-2,-1,-3,-3,2,2,-1,-3,-3,-2,1,3,3,2,3,2,-3,-1,-2,-2,3,2,-1,0,1,2,-1,-2,3,0,2,-1,-2,-1,3,-1,2,1,-1,2,-2,-2,2,-2,-1,-1,-1,1,0,1,-2,3,3,1,-3,-1,3,-3,-1,2,0,1,-3,-2,-1,0,3,-2,2,1,0,-3,3,3,1,-3,2,-1,2,3,0,-3,-3,-2
67,IBHS,3,2,2,3,1,-3,0,-2,-1,0,-1,-1,1,-3,0,-1,2,3,2,1,-1,1,-1,1,1,1,-3,-2,3,-2,0,0,1,-1,1,0,1,3,3,0,2,-1,-3,-3,-2,-3,-3,-2,-3,3,-2,-3,2,1,-3,-1,-1,0,3,3,2,-1,0,0,2,-1,-1,-3,-1,-1,0,-1,0,2,-3,1,-1,3,2,2,-3,2,0,-3,2,0,0,0,0,2
68,IBHS,0,0,1,3,3,-3,-2,-1,0,0,2,-1,-1,0,-3,-2,-2,-3,2,1,-2,-2,-2,-2,-3,0,0,1,-2,-2,-2,-2,3,1,-3,2,-1,-1,3,-2,2,0,-1,-2,2,-2,3,0,0,3,2,1,-1,2,2,-3,-2,-1,0,1,3,0,-3,-3,2,3,-3,-1,3,3,0,0,-1,-1,0,-1,2,3,2,-3,-2,-2,1,-3,1,-2,-2,-2,3,-2
69,IBHS,3,2,3,2,0,-1,-1,0,-2,0,-2,3,-1,3,2,-2,-2,-1,2,-2,0,3,3,1,0,-1,-3,-3,-2,2,-2,2,-2,3,0,3,0,3,-3,2,-2,0,3,-3,2,2,1,-2,-1,2,2,-3,3,0,2,3,-3,1,3,-1,1,0,-2,3,1,1,3,-1,1,1,-1,2,-3,3,-2,2,-1,-1,-3,-2,1,3,-3,-1,-1,0,-1,0,3,3
70,IBHS,1,1,0,3,1,-2,-1,-3,-1,-2,0,-2,-2,0,-1,-2,-1,0,2,-1,-1,-1,-3,2,-2,-1,2,-1,-1,-1,2,-1,-2,3,-2,0,-3,-3,0,1,0,2,2,-3,1,-1,2,0,3,-3,-2,-1,1,-1,1,1,2,-1,1,3,1,-3,2,3,3,0,-2,1,-2,-3,-2,3,3,1,-2,3,2,2,0,2,-3,-3,1,3,-2,3,-1,-1,3,1
71,IBHS,0,1,0,2,2,-1,-3,0,-3,0,-2,3,-1,3,-3,3,1,-1,3,3,-2,-2,1,3,3,0,3,3,1,1,-2,-1,-2,-1,-1,1,-3,-2,-1,-3,2,0,0,1,-2,-3,3,-2,3,-1,-3,-2,1,1,2,-2,-2,-2,-1,2,1,3,-2,-1,-3,0,-3,0,-3,-2,-3,-2,-2,0,-1,-1,-2,2,1,1,1,3,-2,-3,-3,2,2,1,0,1
72,IBHS,3,1,3,2,0,-2,-3,-1,-3,-3,-1,2,-2,3,2,-2,1,-1,-1,-3,3,2,2,-2,-2,1,1,3,-3,-1,-1,-2,-1,0,3,2,1,2,-2,-3,3,2,0,3,-3,1,-2,-1,1,-1,1,3,2,-1,0,-2,2,2,0,0,-3,-2,-1,1,-3,-3,-3,-3,0,3,1,-1,1,1,2,-3,3,-3,2,-1,3,-2,0,0,3,-1,-1,3,0,3
73,IBHS,0,0,0,3,3,-2,-1,-1,0,-3,3,-1,-1,-2,3,2,1,-1,0,3,1,-3,-1,-1,1,-3,3,3,1,3,-1,-2,0,-1,1,-1,3,-3,-2,3,3,2,2,2,-2,3,0,0,-2,3,-3,2,0,2,0,3,-1,1,1,1,-3,3,0,0,-2,-1,2,0,1,1,2,-2,2,-1,2,-3,-3,-2,-1,-1,2,0,-1,-3,3,-2,0,-2,-2,-2
74,IBHS,2,0,1,2,3,-3,-1,-3,-1,0,3,-2,-1,-2,-3,-3,0,-3,3,-3,2,3,3,1,1,1,-1,1,-3,3,-1,-3,2,-1,0,2,0,2,3,1,-3,3,2,0,1,1,2,1,-1,-1,-3,3,2,3,2,0,0,-2,1,3,3,-3,3,-3,0,2,-1,2,3,-1,-3,2,3,-1,3,0,3,-2,-1,-1,3,-1,-2,-2,2,2,0,-1,-1,2
75,IBHS,2,1,1,0,1,-2,-3,0,0,-1,-3,3,0,1,2,1,3,0,-1,0,-1,3,1,-1,1,-1,3,2,1,2,-1,-2,2,1,-3,0,3,-3,-2,3,2,-3,-2,-1,-2,0,-1,2,2,3,-1,0,3,2,-1,0,2,0,2,2,1,-2,0,1,2,3,0,1,-3,-3,-3,-1,3,0,3,-2,-3,3,3,3,-1,3,0,-1,-3,-3,-2,-1,-1,0
76,IBHS,0,0,1,0,1,-3,-2,-1,0,0,2,2,0,-3,0,2,2,1,-3,3,0,1,1,0,-1,-1,3,-3,0,3,-3,-2,-1,3,1,-2,3,3,0,1,2,1,-2,-3,2,0,-3,0,0,1,-2,2,-1,-2,1,3,-1,0,3,-1,2,2,-2,-2,3,-3,2,1,-3,-3,2,3,1,3,-1,-2,-2,-1,1,1,-1,1,-3,-1,0,0,1,0,-2,2
77,IBHS,0,2,3,0,3,-2,-1,-2,0,-2,-2,-2,-3,-2,-3,2,-1,-3,0,-3,-2,1,0,-3,-3,0,0,-1,1,-1,-3,0,-3,1,-2,-2,1,-1,0,1,0,-1,-1,-1,-3,1,2,-2,-1,2,-1,3,0,-1,3,-1,-3,1,0,2,3,1,2,1,0,2,-3,0,1,0,-2,-3,-1,1,0,3,1,0,-2,-2,3,2,2,-2,-3,1,1,0,0,-3
78,IBHS,1,0,1,1,3,-3,-3,0,-2,-3,-1,3,2,3,-1,0,3,-3,-3,3,-1,-2,2,3,1,2,2,-1,-2,0,-2,0,0,-1,-2,3,3,3,-3,-1,3,2,0,2,2,-2,-1,-1,-3,1,-2,0,2,-1,-1,3,0,-3,-3,-1,0,-2,3,0,1,0,-3,0,-1,0,-2,2,-2,-3,2,2,3,0,-2,2,-2,-2,2,-2,0,-3,1,-3,1,2
79,IBHS,0,2,1,3,3,-2,-2,-1,-3,-2,-3,-2,-2,3,2,-2,0,2,2,3,0,-2,2,-2,-1,3,-2,2,-3,-1,2,-1,-1,-1,3,0,1,1,-1,-3,2,-2,3,2,0,2,3,-3,0,-2,3,3,1,2,-2,3,3,0,2,-3,-1,-3,-2,-1,-3,3,-1,-1,0,-1,-1,2,-2,-2,-1,1,1,-1,3,-1,-1,0,-2,-3,2,3,3,0,-3,1
80,IBHS,1,3,1,0,3,0,0,0,-2,0,-3,-2,3,-3,-3,-2,-3,0,-2,1,-1,-1,0,0,0,-1,3,-2,-1,-1,-3,-1,-3,0,-2,-2,3,2,0,1,-2,-1,3,-1,2,-1,3,-2,-1,0,-1,3,0,2,0,-3,-2,-1,-1,0,-2,-1,-2,3,-1,-3,1,-2,-2,2,-3,-3,2,-1,-2,0,-2,2,1,0,3,-3,2,2,-1,2,2,0,1,3
81,IBHS,1,1,0,1,3,-2,0,-1,-2,-3,0,0,0,-1,0,2,1,1,1,2,-3,1,1,0,2,-1,-1,3,-1,-3,-3,-3,-2,3,1,2,-3,2,-2,-1,-2,3,2,-1,-2,3,1,0,-2,-1,3,0,2,0,-1,3,-1,-3,0,-3,0,3,-1,1,-1,2,-1,1,2,2,1,-3,1,-2,-1,0,-3,3,1,0,-3,-2,-2,0,-2,-1,0,3,2,1
82,IBHS,2,1,0,0,3,0,-2,0,-1,-3,2,-1,0,2,-1,-2,2,0,2,-3,1,0,-2,-1,-2,-2,3,-2,0,2,3,-1,2,3,-3,0,3,0,-2,3,-1,0,0,2,-1,0,1,0,3,3,-3,-2,-1,2,2,-2,-1,2,1,1,0,-2,2,-1,2,3,-3,-2,1,1,3,-1,-1,0,-2,-3,0,-2,-3,-3,-3,-3,-3,2,1,-1,2,-3,0,-2
83,IBHS,3,2,2,0,1,-1,-1,-3,-3,0,3,-3,2,2,-1,3,0,0,3,-1,1,3,1,-2,-3,2,1,-3,-1,1,1,-1,-2,0,0,-2,-1,-3,2,-2,-2,2,0,-3,0,2,1,2,-2,0,-3,1,-2,1,3,2,2,2,2,-2,1,2,3,1,-2,3,1,0,-2,0,0,-3,2,-3,3,3,2,2,1,-3,3,-1,-2,-1,1,1,3,0,3,1
84,IBHS,3,2,2,3,0,-1,-3,-2,0,0,0,1,3,1,1,-2,-1,3,3,-2,1,-1,-1,3,0,3,-2,3,-1,-3,-1,-1,2,2,-3,-1,-3,3,-1,0,0,-2,-2,3,0,-2,2,-3,1,-2,2,0,-1,3,1,-2,-2,3,-2,-3,-3,0,0,-1,1,0,3,0,-1,2,-3,2,-2,3,0,-3,0,-3,-3,0,-2,2,0,3,-3,-1,-2,2,-2,-3
85,IBHS,2,1,0,1,3,0,-2,0,-2,0,-3,1,2,0,0,1,3,3,0,2,2,0,-3,-2,-1,-2,0,2,-1,-2,-1,-1,1,-2,1,3,-3,-2,-2,-2,0,-1,-3,-3,1,3,-3,-1,1,-3,2,-3,-3,1,-2,-1,2,-3,-2,0,-2,-3,-3,3,1,1,2,-3,1,-1,-3,-2,2,-2,1,0,0,1,-2,1,2,-3,2,0,0,2,2,-3,2,-1
86,IBHS,2,0,2,3,1,0,0,-2,0,-1,0,3,1,1,-1,-3,2,2,0,3,-1,3,0,1,2,0,0,-1,0,0,3,1,0,0,3,1,-3,-3,0,-1,3,-3,-2,-3,-1,-3,0,-2,3,2,2,0,3,3,-2,3,-3,2,0,-1,-3,-1,-1,3,0,2,3,-1,3,3,-2,-3,3,-1,-2,0,-3,3,2,-2,-1,2,-3,2,-3,-3,2,3,3,-2
87,IBHS,2,2,0,0,0,-1,-1,-2,0,0,2,-1,0,2,1,-2,0,-3,-1,-2,2,0,3,0,1,2,-2,-3,0,1,-1,-3,-2,-2,-2,-2,1,0,2,3,1,-1,-3,-2,-2,-1,0,1,0,0,0,-2,3,0,3,1,-1,-3,3,-3,-1,2,3,-3,2,1,-3,-2,3,2,3,3,2,-2,-2,2,2,2,-3,-2,-2,1,-2,-3,2,2,2,0,0,2
88,IBHS,3,0,3,3,2,-1,0,-2,0,-2,-1,3,-2,-2,3,-2,1,3,-2,-3,2,-2,-1,3,3,-1,2,-3,3,-3,3,-1,2,1,-2,2,-1,3,-1,-1,1,-3,0,2,-2,-2,0,2,3,2,2,3,1,3,-2,-1,-2,3,0,1,-3,2,1,0,1,2,3,-3,-1,-1,-2,2,0,-1,-1,-2,3,-1,-1,3,-1,3,-2,3,1,2,-2,2,1,0
89,IBHS,0,0,2,2,3,0,-3,-3,0,-3,1,0,0,1,3,-2,1,0,0,3,2,-1,2,-3,3,-1,-3,-2,-2,2,-2,-2,0,1,-1,2,-3,2,2,0,-3,2,2,-1,2,3,3,0,2,2,-1,-2,-2,-3,0,1,-2,3,-2,-1,-3,3,0,-3,-2,-2,2,1,-2,0,2,1,2,-3,1,2,1,1,-3,3,0,0,2,0,2,-3,0,0,3,1
90,IBHS,2,0,3,1,2,-1,-3,0,-1,-2,-2,-3,3,-2,0,-2,3,3,-1,-1,1,1,3,-3,0,-3,-2,-2,-2,2,2,-2,2,-1,2,2,1,-3,3,3,0,-1,1,0,3,1,-1,-2,2,2,-2,-2,3,-2,3,1,1,3,3,2,2,0,0,0,3,1,1,0,-3,-1,1,2,1,-2,1,-2,2,1,-2,-1,-1,1,-1,1,1,2,3,-1,0,2
91,IBHS,2,3,0,3,0,-2,0,-2,-3,-3,-2,-2,-3,-2,3,2,-3,1,-1,-1,-3,-1,3,1,0,-3,1,2,-1,-1,-2,-1,2,0,-1,1,2,-2,-3,-2,-1,2,1,-1,-2,3,-1,-2,3,2,3,0,0,-2,-3,0,-1,-3,1,3,-3,-2,-3,-3,2,-1,-1,3,3,-2,1,2,2,2,-3,-2,-3,1,1,2,0,-1,-1,-2,-1,-1,-1,1,-2,-1
92,IBHS,2,0,0,1,0,-1,-2,0,-2,-1,3,-1,1,0,0,-1,1,3,3,2,-1,2,-2,1,2,-2,-2,2,1,3,-1,2,1,-3,-3,-2,-3,0,-1,-3,3,2,3,1,1,-2,-2,-1,-2,-2,-3,-3,2,-1,-3,-2,-2,-3,2,-3,-2,-2,-2,-1,0,-1,1,2,2,0,-1,-2,-1,-1,-2,3,1,0,3,-3,3,-3,-1,0,-3,1,3,-2,3,2
93,IBHS,0,0,1,1,1,-1,-3,0,-2,-1,-2,1,3,2,-2,3,1,-2,-3,2,0,0,-2,2,-1,3,3,3,3,0,2,2,0,1,-1,3,0,1,-2,0,-2,1,0,0,2,-2,2,-2,3,2,3,0,3,-1,-1,2,-2,2,-2,-3,1,-2,-3,-1,0,2,-1,1,-3,-1,-1,3,2,2,3,3,2,-3,3,3,-3,0,-1,0,-1,1,-2,-2,1,1
94,IBHS,2,1,3,1,0,-1,0,-1,-1,-3,3,-1,-2,-1,-1,-2,0,-1,2,-1,3,3,-3,3,2,1,-1,2,3,-2,0,-1,2,-3,-1,-1,-3,2,3,-3,2,-3,2,-2,3,2,-1,3,-1,3,3,0,2,1,0,0,-2,2,-2,-3,-1,0,3,3,-3,-3,2,3,1,2,-3,3,-2,-3,2,-3,-1,1,-2,-3,1,0,-2,-2,1,0,3,-1,0,1
95,IBHS,0,1,1,0,2,-3,-3,-2,-3,0,0,2,2,-1,0,1,-2,0,1,-3,-2,-2,3,-2,1,-3,1,0,2,-3,-1,3,0,-1,-2,2,3,-1,-1,0,0,0,3,3,-2,-3,2,1,3,-1,3,-2,0,-1,3,3,-3,-3,-2,-2,-1,-3,-1,2,1,1,-1,2,-2,2,-1,-2,1,0,3,-3,-1,0,-1,-1,3,2,2,1,-1,-2,1,-2,-1,0
96,IBHS,1,3,1,3,0,-3,-1,-2,-1,-3,0,1,-1,-1,0,-3,-2,-2,0,1,-2,0,-1,2,-2,-3,2,2,-3,-1,2,2,3,3,-3,-2,1,-2,2,0,2,1,-2,3,1,-3,-1,2,0,-3,2,0,-1,3,-3,-1,0,-1,0,-3,0,0,2,-1,-2,2,-1,1,0,-3,2,-1,-1,-3,-3,3,0,-2,-3,1,-1,-3,-3,-2,-1,1,0,3,2,3
97,IBHS,1,2,1,2,1,-2,0,-2,-2,-3,1,3,-2,-3,-3,0,-2,-3,-2,2,2,-2,-1,2,-1,2,-1,2,-2,-1,-1,-2,-1,-3,1,-2,-3,2,0,-3,2,-2,-1,-2,-2,2,3,1,-3,-1,3,-3,-3,2,2,2,3,-3,-3,2,-2,1,1,3,-2,1,-1,-3,1,-1,1,-3,-2,0,-1,-2,0,1,3,2,-2,1,2,-3,3,0,-2,-2,-3,0
98,IBHS,3,2,0,1,0,-1,0,0,-3,0,3,1,0,-1,-1,3,1,1,1,-1,0,-3,3,1,-2,-3,-1,-3,0,3,1,3,2,-1,-1,-2,3,-2,2,-1,0,-3,2,-2,0,1,-2,-1,3,3,-1,-2,-2,-1,-2,1,1,3,3,-3,3,-2,1,-2,2,0,-3,0,-2,-1,-3,-1,3,3,-1,-2,-2,0,2,-3,-3,1,-1,1,2,2,-2,2,-3,1
99,IBHS,2,1,0,2,2,-2,-1,-3,-3,-1,1,1,-3,3,0,-3,2,1,2,-1,-2,1,-1,-1,0,0,0,-1,0,-1,2,-2,-1,-1,3,-3,2,-1,0,0,2,-3,3,-3,-2,-1,0,1,3,-2,0,1,1,2,2,-2,1,-3,2,3,2,1,-3,0,-2,-3,0,3,0,2,3,3,-2,0,-1,2,1,-1,1,2,-2,3,1,2,-2,0,-3,-2,0,-3
100,FBMHS,0,-1,-3,0,-2,1,1,1,2,3,2,1,3,1,-2,0,3,0,-1,2,1,1,0,-3,1,2,-1,0,-1,-1,2,-3,0,-2,-1,-3,0,-1,3,3,3,1,-2,-1,2,3,0,3,2,1,3,-3,0,1,0,-2,-1,-1,0,3,1,1,1,3,2,3,-3,0,-1,3,0,2,0,-1,-1,1,-1,2,-3,2,2,3,1,2,-2,-3,1,-3,-1,2
101,FBMHS,-2,-1,-2,0,-1,1,2,0,0,3,2,2,2,-1,-1,-1,0,-1,1,0,0,-1,2,0,0,0,2,-2,1,-3,-1,2,3,-3,-2,-1,2,-2,-1,3,-2,0,-1,2,1,0,2,0,-2,3,-2,0,-2,-1,-1,1,1,-3,3,2,1,0,0,3,-3,3,0,3,1,1,-3,3,0,2,1,-3,-1,3,3,2,-2,-1,3,0,-1,3,-1,3,1,-1
102,FBMHS,0,-3,-3,0,-1,2,3,2,1,3,2,0,-1,2,3,-3,1,2,-1,-3,-2,1,3,-1,3,-1,3,0,-1,2,2,0,2,1,3,3,-3,-1,1,-1,1,-2,0,2,-1,0,3,2,2,-1,-3,-3,0,-1,2,3,-1,3,0,0,3,3,3,-3,2,-3,3,1,3,-3,0,3,-3,2,0,-3,0,2,-2,2,0,3,1,3,1,3,1,3,3,2
103,FBMHS,-2,0,0,0,-2,1,3,0,3,2,1,2,-1,-1,-3,1,2,2,-3,-1,2,0,-1,1,1,3,3,-2,-2,2,0,1,1,-3,-3,-2,-1,1,0,1,1,0,3,-2,2,-2,-1,-3,1,2,-2,3,1,1,-2,-2,0,0,-3,0,2,3,2,3,1,0,1,3,-1,0,2,2,-1,1,-3,0,1,-3,-3,1,-3,0,-3,-2,-2,-2,-2,3,0,0
104,FBMHS,-3,-2,-2,-1,-1,0,2,3,0,2,-2,1,2,2,1,1,0,0,-1,-2,-3,3,0,1,1,-1,-3,0,-3,0,-3,-1,3,2,-1,-1,-2,-3,1,-1,1,-1,-2,0,3,3,-2,0,-1,1,-1,-1,2,2,2,3,2,1,-2,-2,-1,-1,-2,0,-1,3,3,3,3,-3,-3,-3,3,2,-1,0,-1,-2,3,1,0,-2,2,-1,3,-2,-1,0,1,2
105,FBMHS,-3,-1,-1,-3,-1,3,2,1,3,3,0,1,-3,-2,-1,-2,0,3,3,-2,-3,-3,2,3,2,1,2,-1,-2,0,1,3,2,-3,1,3,1,-2,0,1,-3,-2,1,3,-3,-1,-2,-2,-1,-3,0,0,2,2,3,0,3,-3,3,0,3,1,-3,1,2,0,-3,-3,-3,1,-3,0,-2,2,1,-3,0,-1,2,1,2,0,0,-3,-3,3,-2,2,2,3
106,FBMHS,-2,0,0,-3,-2,0,3,2,1,3,-2,0,0,1,0,0,-3,3,1,3,-1,-1,3,-1,-1,-2,-3,0,-2,1,-1,0,1,2,2,1,1,-1,-2,0,-3,3,-1,0,-1,-1,-1,-2,0,-3,-3,3,-1,-2,-2,3,1,2,3,0,1,3,-3,-2,3,0,2,-2,-3,-1,2,-2,-1,-1,2,3,1,3,-1,-3,2,0,-1,0,2,3,3,3,-1,3
107,FBMHS,-3,-1,-3,-3,-1,0,1,3,3,1,2,-3,-2,0,-1,-2,0,1,-2,3,-2,3,3,-3,0,3,-1,2,2,0,-3,2,0,3,1,-3,0,1,1,0,-2,-1,1,-1,2,1,2,3,3,-1,-1,-2,1,-2,-2,2,-1,-3,0,-1,-3,1,-3,-3,3,3,-1,-3,-3,-3,2,2,0,-2,2,1,3,1,3,3,2,1,-3,-3,-1,-2,2,-3,-3,-1
108,FBMHS,0,-2,0,-1,-3,3,0,1,1,0,-2,0,0,-2,3,-2,2,1,-3,-2,-3,3,3,3,-2,1,-3,1,-3,0,-1,3,-2,-3,-3,2,1,1,-1,-3,-3,-2,0,2,1,-3,-2,-2,-3,0,3,1,-2,-3,2,2,1,-3,3,-2,1,-3,3,-2,-3,0,-2,-2,1,2,-3,2,3,-1,-3,3,1,-1,1,3,-3,-2,0,0,3,0,2,1,-1,-2
109,FBMHS,-1,-3,0,-3,0,2,3,0,1,2,1,-1,2,-3,-3,2,-2,0,-1,1,3,3,1,-3,-2,-1,-3,3,-1,0,-3,-2,3,1,2,-2,-1,-1,-1,-1,3,1,-2,3,-2,3,1,1,3,2,-1,2,-2,0,1,1,2,-2,1,3,-2,2,-1,2,-3,0,3,-1,-1,-1,-1,-1,0,3,-2,-1,-2,0,-1,3,-2,0,-3,2,-3,0,-1,2,0,-3
110,FBMHS,-1,-2,-2,-2,-1,0,0,3,0,2,2,2,2,0,2,-2,1,-3,-1,-2,3,0,-3,3,-3,1,-2,-2,-3,0,-1,0,-1,-1,3,2,-1,-2,0,-3,1,-1,0,3,3,3,2,2,2,-1,0,-2,-1,2,-1,1,3,1,-2,1,-1,2,1,-3,2,1,0,3,1,1,-1,-1,-2,1,-3,1,-1,-1,0,3,3,-1,-3,-3,0,-1,2,-2,0,-3
111,FBMHS,0,0,-3,-3,-3,1,0,0,3,3,-3,2,3,1,-3,3,0,2,-3,-1,2,0,-2,1,3,-1,-1,1,-1,3,-1,-2,0,3,3,1,2,-2,-3,1,3,0,1,0,0,-2,2,0,-3,-2,2,2,-3,-3,2,2,-3,2,0,-1,2,2,-1,-3,1,-1,2,2,-2,2,0,3,-3,-2,1,2,-3,2,1,1,-2,3,0,-2,-3,0,1,-2,-2,2
112,FBMHS,-2,-3,-3,-3,-2,1,2,2,2,1,-1,-2,-1,0,-1,-3,0,-2,-1,-1,1,0,-2,-1,3,3,3,-2,2,-3,1,-1,3,2,1,-2,-3,-1,3,3,-1,0,0,1,-2,2,0,3,0,1,2,0,0,3,0,-3,1,-1,3,2,2,-1,-1,2,-3,-3,1,-3,-2,-3,3,2,-1,-1,-2,0,0,3,0,1,1,-1,-1,2,2,2,2,-2,0,2
113,FBMHS,-2,-1,0,0,0,2,2,0,0,3,3,2,0,-2,-1,2,3,-1,2,1,2,1,-3,1,3,1,2,-2,0,0,2,-2,-2,-2,-2,3,3,-3,2,2,-1,2,-1,2,0,1,1,0,-2,-1,0,-1,0,3,1,3,2,1,1,0,-3,0,2,-3,2,-2,-1,-1,-3,-1,-2,-1,2,-2,-1,3,-1,1,-1,3,-3,2,3,-2,1,3,2,0,0,-3
114,FBMHS,-3,-3,-1,0,-3,3,2,0,0,0,2,-3,-3,2,1,1,2,3,-2,-1,3,-3,3,0,2,2,-1,-3,0,0,-2,-1,0,0,1,-2,2,-2,0,-1,3,-3,-2,1,3,-1,3,-1,1,2,3,-2,-2,2,-2,-3,-3,-2,-2,-3,0,2,1,-1,3,-3,-3,1,0,-1,2,-1,1,1,3,0,3,-3,3,-2,2,2,3,-2,3,1,0,1,-3,2
115,FBMHS,-3,-2,0,-3,0,3,0,0,1,0,2,-1,-3,-2,2,-3,-1,1,3,2,-2,3,0,-2,1,-2,2,3,2,-3,1,0,3,-2,3,-3,1,1,0,3,3,0,-1,2,-3,0,0,0,-2,-2,-1,3,2,1,-2,2,0,3,3,3,-2,-3,3,1,1,1,3,0,3,1,-3,1,3,1,-3,2,1,-3,0,2,-3,-3,-2,1,-1,3,0,-2,3,3
116,FBMHS,-1,-3,-2,-3,-3,2,2,3,2,3,2,1,2,-2,0,2,1,2,-2,3,3,1,3,2,3,0,2,3,-1,-1,-2,0,1,2,2,1,3,3,2,-2,0,2,-1,0,-3,-1,1,1,-3,-3,2,-3,-2,-1,0,2,-2,2,-2,2,1,1,3,1,-1,2,0,3,1,3,2,-1,2,-2,2,2,-2,-3,3,-2,3,3,0,0,1,-2,2,-1,2,1
117,FBMHS,-3,-2,-2,-2,-2,0,2,2,3,1,2,0,1,0,-3,-2,3,1,1,-2,-2,-2,1,-2,-1,-1,0,-2,-2,2,-3,0,1,3,0,1,-3,-1,1,0,-3,2,1,3,0,3,1,0,0,3,2,2,1,-1,-2,-1,3,3,-3,-3,-1,-2,-2,3,3,2,0,-1,1,3,3,0,3,-3,-2,2,2,1,1,2,0,3,2,3,-2,1,-1,-2,1,-1
118,FBMHS,-2,0,-3,-2,0,3,3,1,1,0,2,2,-1,3,1,-1,-1,-1,-3,3,-3,0,-3,-3,3,-2,0,0,-3,-3,2,1,1,0,1,1,-1,-3,-2,3,0,-3,-2,0,2,2,-3,-1,0,2,0,-3,1,2,2,3,3,2,3,-2,0,-1,1,2,-3,0,-1,0,3,1,1,1,3,2,3,0,2,1,-2,1,2,3,3,2,2,-2,0,1,0,3
119,FBMHS,-2,0,-2,-1,0,2,1,0,2,3,-3,2,2,1,-1,-3,0,-2,3,0,-2,-1,0,1,0,-3,-3,3,3,3,-2,-2,-3,3,-1,-1,1,3,1,-1,-3,1,-2,2,2,2,-3,2,1,3,-2,-3,-1,-2,-2,0,0,2,-2,-2,3,1,3,2,1,-1,-3,2,-2,3,1,-1,-3,0,2,-1,-1,-3,-3,-3,0,1,1,3,-1,2,2,2,-1,-2
120,FBMHS,0,-1,-1,-3,-1,3,2,1,0,0,-2,0,2,2,3,-3,3,-3,1,0,0,0,-3,3,-1,-1,-2,2,-2,1,3,0,0,-2,0,-1,-3,1,-3,-3,-1,1,-1,-3,-1,2,1,-3,0,-1,-2,-2,-1,-3,1,-2,3,-3,3,-2,-2,0,0,-3,0,-2,-2,-1,1,2,-1,3,-1,1,1,3,2,-1,-2,-3,-2,1,0,0,1,-3,1,-1,2,-3
121,FBMHS,0,-3,-2,-3,-2,0,1,1,3,0,0,-1,-2,0,0,2,-1,1,2,0,1,-3,3,-1,-2,-2,-3,0,0,1,1,0,-2,-1,0,1,3,-3,0,2,1,-3,-2,-3,-3,1,-2,-1,2,-3,-3,1,-1,0,-3,-2,0,2,0,-2,2,-3,1,1,3,1,-2,-2,-1,-1,-1,3,-1,3,1,-1,-3,0,1,-1,-2,-3,-1,3,3,0,-2,3,1,3
122,FBMHS,0,0,-3,-2,-2,0,0,2,1,3,0,-1,0,2,2,3,2,-1,-3,3,-3,0,0,-1,0,-3,-2,-1,0,1,-2,-3,0,3,-2,1,0,-2,-2,1,-3,1,2,-3,-1,-1,1,-1,-2,2,-2,3,-2,0,2,3,-3,1,3,-3,1,-1,-2,3,-1,0,-3,-2,2,2,-1,-1,0,-3,0,-2,2,3,3,-3,-3,-1,-3,-1,0,2,1,-3,2,2
123,FBMHS,-2,-3,-1,-2,-3,1,2,0,1,3,-3,-3,0,2,-1,-2,-3,1,3,-3,-3,-2,-1,2,-2,1,3,0,-3,-3,2,3,-2,2,-2,2,2,2,3,-1,-2,-2,-2,-3,-2,-1,3,-3,1,-3,0,-2,-2,-3,-2,-1,0,-2,-1,0,2,-2,2,-3,1,0,2,2,-1,2,-2,-3,-1,0,3,1,3,-3,2,2,0,-2,-2,-2,1,1,-1,-3,-1,2
124,FBMHS,0,-1,-2,-2,-3,0,2,2,1,2,3,0,3,-3,-3,-1,-1,-3,-2,-3,2,-1,-1,-3,2,-2,3,2,-3,-1,2,-1,1,-3,0,0,-1,-3,-2,-2,2,-3,2,1,2,0,1,2,3,0,-3,-2,3,3,-1,0,2,3,2,2,0,1,1,-2,3,-2,-3,3,3,-2,-2,-3,-3,-1,3,3,3,-2,2,-2,2,-3,2,-1,3,2,2,-1,2,3
125,FBMHS,-3,-2,-2,-2,0,2,3,3,3,0,1,3,-3,0,-1,1,2,-3,3,2,3,-3,3,1,1,3,2,3,0,0,-3,-1,2,3,-2,2,-3,2,-3,-1,-1,3,-1,2,-2,2,0,3,-3,1,-3,2,2,-2,2,-1,0,2,-3,-3,0,0,1,-2,1,1,-3,-3,2,1,3,-2,-2,-3,-1,-1,-3,0,0,-3,0,0,1,0,0,2,1,1,-2,-3
126,FBMHS,-3,-2,0,-3,-3,0,2,2,1,0,-2,-2,1,-3,-1,2,3,-1,-1,3,3,1,-3,2,-3,1,-2,-1,1,0,0,-1,0,-1,-2,3,1,0,0,0,-2,1,2,-3,-3,-3,-1,-1,-2,3,-2,1,1,2,0,-1,-3,0,-2,-3,0,-2,1,1,-3,0,-3,0,1,3,3,-2,0,0,0,1,-2,-3,-2,-2,-3,-2,-3,0,0,-1,-3,3,1,2
127,FBMHS,-1,0,0,-3,-3,2,0,2,2,0,-1,-3,3,-2,0,2,-3,3,1,2,1,-2,-3,0,-1,1,3,0,3,3,-1,-1,-2,3,-3,-3,3,0,-2,-1,0,-2,2,3,-1,0,0,-2,2,3,-3,3,1,3,-3,1,-2,2,0,-3,-1,1,1,-3,-1,3,-2,-1,-3,1,-1,-2,-2,2,3,2,2,-3,3,-1,-2,-1,1,0,1,0,-1,-2,1,-1
128,FBMHS,-2,-3,-3,-1,0,0,2,1,1,3,1,3,2,-1,1,-1,0,-1,0,1,3,3,0,-2,3,1,3,0,-3,-3,3,0,-3,-1,-3,1,1,1,1,-2,-3,-1,3,-2,0,-1,1,-3,1,0,2,-3,1,1,-2,1,0,2,2,0,2,0,0,-1,0,3,-1,3,0,-3,-3,2,3,0,2,-1,0,-3,-3,1,-2,0,1,-2,2,-2,2,3,-1,0
129,FBMHS,0,-3,0,0,-2,3,1,3,0,0,3,-1,0,2,1,3,1,2,3,3,0,-3,-2,0,-1,-3,1,2,2,2,2,1,3,-1,-3,-2,0,-1,0,1,0,-2,-1,0,-2,2,2,-1,-1,1,1,2,-3,3,2,-1,0,3,0,-3,0,0,-1,-2,0,-3,-3,1,1,1,1,1,1,3,3,0,0,3,2,2,-3,0,0,1,-2,-1,-1,2,-2,1
130,FBMHS,-1,-3,0,0,-3,3,0,3,2,3,0,2,-3,-2,0,-1,-2,-1,-2,1,1,2,0,-1,-3,-1,0,-1,0,-3,0,-3,0,2,0,-3,-2,-1,-3,-3,-3,2,1,3,-2,-3,1,-2,-1,2,0,-2,3,-3,0,-2,-3,0,-3,2,3,1,0,-1,1,2,1,2,1,1,-2,-2,-2,2,0,-1,0,1,-3,1,-3,2,0,-1,1,1,3,3,-2,-2
131,FBMHS,-1,-1,-1,-1,-2,1,3,0,0,3,-2,-2,3,-2,1,1,2,-1,2,0,-3,-2,0,3,2,3,3,-1,2,0,3,-1,-2,-2,3,-2,1,0,1,2,0,3,2,-3,0,-3,2,-2,1,1,3,0,0,2,-3,2,-3,2,0,3,-2,-1,-3,-3,-1,-2,3,3,-3,0,-2,-1,-2,2,2,-1,1,0,3,3,3,3,-2,2,-3,0,-2,3,-1,2
132,FBMHS,-3,0,-3,-2,-3,1,0,1,2,2,3,0,-2,3,0,-2,3,-3,2,2,1,-3,3,3,0,1,-2,-1,0,-3,-3,3,-3,3,2,-2,0,2,-3,2,-3,-1,1,2,-1,-3,1,-2,0,3,-3,-2,0,1,-3,-2,1,-1,0,2,-1,3,-2,-2,1,-1,2,-3,0,-1,2,-1,2,-1,1,0,1,3,-2,-3,0,3,0,3,-1,-2,1,1,0,0
133,FBMHS,-3,-3,-2,0,-1,1,1,1,0,3,-3,0,2,0,0,-3,2,-3,-2,-1,-1,2,-1,-3,0,-1,-1,3,-2,-2,2,2,-2,-1,0,2,1,2,-2,3,1,2,2,-3,-3,-1,3,0,2,0,3,2,0,0,1,3,-2,1,-1,0,-1,3,2,3,3,3,-1,0,2,-2,-3,3,1,-1,1,1,3,1,3,0,-2,-2,-2,1,-3,0,-3,3,-2,3
134,FBMHS,-2,0,-1,-3,-3,3,2,2,3,2,-1,-3,2,-3,-2,3,-1,-2,0,2,-2,-2,-1,-3,-3,1,-3,3,0,0,1,3,3,-3,3,-2,-2,0,2,2,0,3,0,1,1,-1,-3,0,-2,-3,0,-1,3,0,1,3,-3,2,-1,0,-2,2,1,1,-2,0,2,3,3,-3,2,-3,-1,3,2,3,-2,-1,-2,-2,-3,-1,-3,-2,1,3,0,0,-2,-3
135,FBMHS,0,-1,0,0,-3,3,3,0,1,2,-1,3,2,-1,-2,1,3,1,2,3,-1,1,-3,-3,3,-2,2,0,1,2,-2,1,-2,0,0,2,0,3,-2,-2,1,-3,-3,1,-2,-1,-2,0,0,-1,2,2,0,-1,0,-3,-2,-2,3,-2,3,-2,-2,2,3,-2,-3,-2,-3,1,2,1,0,-3,2,-2,-2,-2,1,-1,1,3,-2,-1,1,-3,1,3,0,-3
136,FBMHS,-1,-2,-2,0,0,0,2,3,2,0,1,0,-1,-3,2,0,3,-1,0,-2,-3,3,-3,-3,-1,-1,3,-3,3,-1,0,3,-3,1,-3,-1,3,2,3,-2,0,-1,1,2,-2,-1,3,2,-2,-3,1,1,2,3,1,1,-1,-1,0,2,3,-2,-3,-1,-2,-2,-2,3,-1,-3,0,-3,-2,0,0,-1,-2,0,-1,-3,-2,3,3,-1,0,-3,3,-3,1,1
137,FBMHS,0,-2,-1,-3,-3,3,1,0,1,1,-1,-3,-1,2,-2,-2,-2,-2,-2,1,-3,1,0,-2,2,-2,-2,2,-3,-1,-1,-1,2,0,-3,-3,-3,2,1,0,1,1,2,0,0,-1,0,-1,1,1,-3,0,-1,1,-1,1,0,0,0,0,-3,3,3,2,3,1,3,-1,2,-2,-2,-2,1,2,3,0,-3,-3,-1,-1,-1,1,0,-1,3,-1,-3,-2,1,3
138,FBMHS,-3,-1,-2,-3,-2,1,0,3,1,2,1,3,1,2,-1,3,-1,-3,2,3,0,3,3,-3,1,3,3,-3,0,2,0,0,2,0,2,-3,1,1,-2,-3,0,-1,-1,3,-2,0,0,-2,2,0,3,2,-1,-3,-2,1,-1,0,-3,1,-2,-1,-3,-3,-2,-2,0,-2,-2,3,-1,2,-1,-3,1,3,-2,3,-2,3,2,0,-2,-2,2,-1,1,-3,-1,-1
139,FBMHS,0,-3,-1,-3,-2,1,1,0,3,0,-2,0,1,-1,3,0,-1,-3,2,-2,3,2,1,0,0,-3,0,2,-2,-1,1,-3,-3,1,0,2,3,1,-3,3,-2,0,2,1,-3,-1,-3,-3,0,0,-2,3,-3,3,1,3,-1,2,-2,2,2,-1,2,0,3,3,0,1,-2,0,1,1,-3,-1,1,-1,-2,2,-3,2,1,3,3,-1,-3,1,2,-3,-2,3
140,FBMHS,-3,-3,-3,-2,-2,0,2,3,2,3,-1,-2,1,-2,-2,2,0,2,-2,2,0,1,-3,-1,-2,-2,3,-1,-2,-2,1,0,-3,0,-2,-3,1,2,-2,-2,-2,0,1,3,2,-2,-2,-2,1,-2,-2,-3,3,-1,1,2,-3,2,3,-1,-1,-2,-3,-1,-1,1,2,-1,-1,-1,-3,-2,2,2,1,1,3,0,1,2,-1,2,-3,-2,0,1,1,2,-3,1
141,FBMHS,-3,-2,0,0,-2,1,2,3,2,3,0,3,-1,3,3,2,-1,2,-1,-2,2,2,0,1,-1,-3,-2,2,1,1,2,-3,0,-1,-1,2,3,3,2,1,0,0,-3,-1,-1,0,-3,-3,2,2,-2,3,0,-3,-2,1,-3,0,-3,0,3,-3,-1,2,-2,-1,-3,-1,1,2,-3,1,0,0,-1,1,2,3,-2,3,-2,0,-3,1,1,0,-2,-1,-1,-2
142,FBMHS,0,-1,-1,-2,-3,1,3,1,1,3,0,1,2,-3,-1,2,-3,2,1,-2,3,0,-1,-3,2,2,1,3,1,-1,2,2,1,3,0,-3,-3,0,2,2,-1,-1,-3,-2,3,-2,-3,1,-3,-3,0,1,-1,-1,0,3,-3,3,0,3,1,-2,3,0,0,0,1,3,-3,-3,-1,-2,1,-2,3,2,-1,0,1,1,0,-2,3,3,3,-2,0,3,-1,-3
143,FBMHS,-3,0,-3,-1,-2,3,1,1,3,1,2,-1,3,3,3,3,3,1,-2,-2,0,2,-2,-2,1,-1,-1,-1,-2,-1,-1,1,1,0,0,-3,3,-3,2,-2,0,-3,-3,3,2,-3,3,1,-3,0,0,1,-2,-3,-2,2,3,0,0,1,-1,0,2,3,1,0,0,0,3,2,-1,-1,3,3,1,-3,3,3,3,1,0,-1,-3,0,-2,-3,-3,-2,0,0
144,FBMHS,-3,-3,-1,-1,-1,0,0,0,2,2,2,0,-2,1,-2,2,2,0,-1,2,-3,2,-2,3,-2,3,1,2,-3,0,2,1,-1,1,-1,3,-3,-1,2,1,2,0,0,3,-1,1,-2,-1,1,-2,-1,1,-2,-3,-1,0,0,0,2,0,1,0,3,-3,-2,-2,-3,-3,2,0,-1,2,-2,2,2,2,2,-2,-3,-1,2,3,0,-3,2,1,0,-2,-1,-3
145,FBMHS,-2,0,-1,0,-2,1,0,0,3,0,3,-1,1,-2,-2,3,1,-1,-3,-1,3,-1,-3,-3,1,3,-2,-3,0,1,3,2,0,-2,-3,-2,3,-2,-3,2,-1,-1,-2,0,2,1,2,1,1,-1,-3,2,3,-3,-2,-3,-3,2,1,-2,1,-3,3,-1,-2,-3,-1,2,3,-2,1,0,3,-3,3,1,2,1,1,0,-3,1,-1,1,-1,3,-2,-3,0,0
146,FBMHS,-2,-3,0,0,-1,0,1,1,0,3,-2,2,-3,0,-2,2,1,1,3,3,1,2,-2,3,-3,-1,1,-1,0,2,-1,1,-2,2,-3,1,1,-3,1,-1,-3,-2,3,-3,-2,2,-1,3,2,1,0,-2,-3,2,0,2,3,1,0,0,0,-1,-1,2,0,-2,1,1,-2,-2,-2,-2,0,1,3,-2,2,3,2,1,3,1,3,1,-1,1,3,-3,2,2
147,FBMHS,0,-3,0,-3,-1,1,3,0,1,0,-2,-2,1,3,-1,3,-3,1,-1,-1,2,2,-1,-3,1,1,2,2,-3,3,-1,0,1,3,0,3,-2,0,1,3,1,0,-3,-3,-1,-2,3,-1,3,-3,3,1,0,-3,-1,1,2,3,-2,0,-3,1,2,3,0,2,2,-3,0,0,-1,-2,-2,-3,1,0,-1,3,2,-1,1,-2,3,-3,-3,-3,-3,2,-3,0
148,FBMHS,-3,-3,-1,-3,0,2,2,2,1,3,0,0,-3,-1,-2,3,-3,3,-2,3,-2,-1,1,-3,-3,-2,0,3,-1,0,2,3,-2,-3,2,1,2,-1,-1,-2,-3,1,3,3,-1,-1,-2,-2,-3,-1,1,3,-2,-2,2,0,-2,3,-1,0,2,1,-3,-2,3,2,0,-3,3,-2,2,1,0,-2,-3,-2,1,-1,-1,3,0,-1,1,0,-3,3,1,3,3,0
149,FBMHS,-3,0,-2,-1,-2,0,2,3,3,3,2,2,-1,2,1,-2,3,-3,-1,0,2,-1,2,-2,-3,2,-1,-3,2,0,2,1,-2,2,-3,-3,3,1,-2,-3,0,-3,3,3,0,2,-1,-3,-2,-3,-2,3,-2,1,1,0,1,1,3,3,1,0,-1,1,2,1,2,0,3,-2,3,3,2,2,-1,1,2,1,0,1,2,-2,3,0,-3,1,3,-3,-2,-3
150,FBMHS,-3,0,-3,0,-1,1,3,0,2,1,1,-3,2,0,2,-2,-3,-3,-1,-3,0,-3,-2,1,2,-1,-2,-3,-3,2,3,2,3,-1,3,2,3,3,3,-1,-1,-2,3,-1,1,1,-1,1,0,2,3,1,-3,0,3,1,-2,0,3,-2,-2,2,3,2,-2,0,1,2,-3,-2,1,0,1,-3,0,-3,0,3,3,2,1,2,3,2,-2,-3,-2,-1,-2,0
151,FBMHS,-3,-2,0,-2,-1,3,1,0,0,0,1,-3,3,1,-3,1,1,3,-3,1,-3,0,0,-1,3,-1,-2,-3,-3,2,-3,1,1,-3,-2,2,3,1,-3,0,3,1,2,-1,-3,-2,1,-3,-2,0,-1,0,0,2,-3,2,3,2,-2,1,3,-3,-3,-2,2,-2,0,-3,-1,1,3,-3,-1,0,3,1,2,0,1,-2,0,3,1,3,2,-2,-3,1,-3,2
152,FBMHS,0,0,-2,-3,-3,3,2,2,3,0,3,3,3,-2,-1,2,-1,1,-1,-3,1,-3,-1,2,-2,2,-2,1,0,-2,3,0,1,1,3,1,0,-1,1,0,0,0,0,-3,3,3,0,0,-3,-1,-3,-1,-3,3,-2,2,0,0,-3,-3,-3,-2,-2,-1,1,2,1,2,3,-2,1,1,-3,0,0,3,-3,0,2,1,2,2,-1,1,-1,1,-2,2,-1,-2
153,FBMHS,0,0,-3,-2,0,1,1,0,1,2,0,3,-2,-1,-1,-3,-1,3,1,2,-2,3,-1,2,0,0,0,2,-3,2,-3,-1,-3,0,-1,2,-2,-3,-3,-1,3,1,1,-3,1,-1,-2,-3,1,-2,0,1,2,3,0,-1,-2,-1,2,2,3,0,-3,-2,-2,3,2,0,0,2,3,-2,-3,-3,-2,-2,0,2,0,-3,3,-1,3,-2,1,-3,-1,-3,-3,-2
154,FBMHS,-3,-2,-3,-2,-3,3,1,0,1,0,1,0,-3,-1,1,-1,2,3,-3,3,-3,2,2,2,3,-3,-2,3,3,-1,-3,-3,-2,1,-1,1,-1,2,2,-3,-3,3,1,0,-3,3,2,3,1,-3,2,2,-1,2,3,1,-2,0,1,-3,-3,-1,-1,-2,-2,-2,-2,-1,-1,-2,0,-1,-2,-3,3,-2,-3,3,0,-1,3,3,2,3,3,-2,-3,1,2,-1
155,FBMHS,-2,-1,-1,0,-1,0,1,0,3,3,1,-2,-2,1,3,-1,3,-1,-1,3,-1,2,-3,-3,1,3,1,-1,1,3,2,3,-1,3,-1,0,1,-2,-1,-1,-3,3,-2,0,0,2,-2,3,-2,-3,-1,3,1,-1,1,3,0,-2,-2,1,2,3,0,0,2,-3,1,-2,1,3,-1,1,2,-3,-1,1,-3,-2,-1,3,-2,1,-2,0,-1,1,-1,1,3,-1
156,FBMHS,-3,0,0,-1,-1,1,3,3,3,1,-3,-3,1,-3,3,-1,3,-3,2,1,-3,-3,-1,3,2,-1,0,1,2,1,0,-3,-3,3,2,1,3,2,-2,2,2,-1,1,1,0,-2,-3,0,-3,3,1,0,-1,-3,0,-1,-1,3,2,0,2,3,1,-2,2,2,2,0,2,-1,0,3,3,-3,2,-1,3,1,3,-2,2,-2,3,3,1,-3,-3,0,-3,-2
157,FBMHS,-2,-1,-3,0,0,1,2,0,2,0,2,-2,-1,2,2,-1,3,-3,-3,3,3,-1,0,-1,-3,0,-3,2,0,-1,0,0,-3,-1,-1,-3,-1,-3,-2,3,-2,-2,1,-1,1,0,-1,3,-2,-2,-2,-3,1,-2,3,0,-2,0,3,-3,2,2,3,3,-2,3,-3,0,1,-1,-1,-2,-1,-3,-1,-3,2,2,2,0,-3,0,1,3,1,-2,1,-1,3,3
158,FBMHS,-3,-2,-2,-2,-3,1,1,3,2,3,2,0,3,-1,-2,3,0,0,0,3,0,1,-1,3,3,3,-1,2,0,1,2,-1,1,0,3,3,1,0,3,-1,-1,-2,-3,0,3,-2,-3,2,-1,1,1,1,3,-2,-3,-3,0,-3,-2,3,0,-3,-2,-3,1,1,-1,0,0,-2,1,-3,3,0,-2,-1,1,0,0,0,-2,3,2,0,3,-1,2,2,3,2
159,FBMHS,-2,-1,0,0,-3,1,1,1,2,0,3,2,1,-3,2,3,-1,-2,0,-3,-1,3,3,-1,1,-1,0,3,2,-3,1,1,-1,-2,-2,3,2,-1,-2,1,1,-3,-3,2,-3,1,2,3,-1,-2,-2,2,3,-1,-3,2,-3,0,2,2,0,-1,-1,1,-1,-1,2,-2,1,0,-3,3,-1,0,1,-2,0,3,2,-2,-3,-2,2,2,-1,-3,2,3,-2,2
160,FBMHS,0,-2,-3,-2,-1,3,0,3,2,2,2,-3,1,-2,-1,0,0,3,3,-2,-1,1,-3,0,1,1,3,0,-2,0,-2,-2,-3,-1,-3,-3,-2,-3,-1,0,0,0,-2,2,3,-2,2,1,3,-2,3,-3,-2,2,2,-3,-2,2,0,1,-1,-2,-1,-2,1,-2,-1,3,-2,-3,-3,0,1,1,-1,2,1,-1,0,1,3,-2,1,-3,-3,0,3,3,1,-3
161,FBMHS,0,0,-1,-3,-3,2,1,3,0,2,2,3,-3,2,3,-2,0,-1,0,0,2,-3,2,-1,2,-2,-1,-1,3,-1,-2,-2,-3,-2,2,-1,2,0,3,-1,2,-2,3,-1,2,-2,-1,-3,-1,2,0,-3,-2,-2,1,0,2,1,-3,1,2,3,-2,2,-1,-2,-1,-3,-2,0,2,0,-1,0,-3,1,-3,-1,-3,-1,-1,-2,2,1,-1,-3,-1,-1,0,-3
162,FBMHS,-2,-1,-1,0,0,1,2,0,1,3,2,-2,0,-1,-2,-1,1,-1,-1,0,2,-3,3,-1,-2,-2,-3,1,-1,-3,-2,-1,0,-2,-3,1,-1,-1,1,3,0,-2,2,-3,3,3,-2,2,0,2,2,1,3,2,0,-2,2,1,2,-1,-1,-3,3,-3,1,-1,-1,-1,-2,0,-3,1,-1,1,2,-1,2,-1,3,2,3,0,2,0,0,1,2,0,3,3
163,FBMHS,-3,0,-3,-3,-1,3,2,2,3,1,3,-1,0,3,3,3,-2,1,0,1,2,-2,2,0,1,1,2,-3,-1,1,-2,0,-3,0,0,1,2,-3,1,1,1,0,1,0,-3,3,-2,-1,-1,-3,-1,2,-3,-3,-1,2,-3,2,-2,1,1,0,-3,1,-3,0,3,0,2,2,0,1,3,0,2,-3,1,2,0,-2,-3,0,-2,0,-1,2,-1,0,-1,-3
164,FBMHS,-3,-3,0,-3,-1,2,3,3,1,0,-2,0,-2,3,1,1,-2,-1,3,-1,1,3,-3,2,0,-1,-1,-3,2,-3,3,-1,2,-3,-2,0,-3,-1,-3,0,0,-3,-2,-2,-1,-2,1,-3,-3,-2,-3,0,2,3,3,1,-1,2,1,0,0,3,2,1,-2,-2,1,-1,2,3,1,-2,0,3,-2,3,2,-1,1,-3,1,1,-3,0,-2,-1,-3,3,-3,-2
165,FBMHS,-2,-3,-3,-1,-1,0,0,2,0,1,3,-2,3,1,-3,1,2,1,-3,-2,2,3,-3,-3,3,2,-1,0,2,-2,1,3,1,2,2,1,-2,0,0,3,-2,-2,-3,3,2,0,-3,2,1,0,3,-1,3,2,0,-3,-1,0,-2,-2,0,-2,3,-2,3,0,-1,2,-1,-3,2,1,1,3,-2,-2,1,-1,-3,-1,3,1,0,3,0,-2,3,-3,-3,3
166,FBMHS,0,-2,-2,0,0,3,1,2,1,3,-1,-3,-1,2,2,-1,-2,1,-1,3,-1,2,1,-2,3,3,-2,0,2,1,1,-1,1,-3,1,3,-2,3,1,-1,0,2,1,-2,-1,3,-3,0,2,2,0,-3,2,-3,-3,2,3,-1,-3,3,-1,2,0,2,2,0,1,1,2,1,-2,2,-2,-2,-3,3,3,2,-1,-3,0,1,-2,3,2,2,2,3,0,-2
167,FBMHS,0,-2,-1,-3,-2,0,0,2,3,2,-2,-1,3,0,-2,3,2,1,3,-2,-3,2,0,-1,1,2,0,2,-1,0,-2,-3,1,0,-1,-1,-3,-3,-3,3,1,1,-3,-1,-1,-2,1,2,1,-3,1,3,0,2,3,-2,-3,-3,-2,-3,2,-1,0,3,2,-2,-3,0,-3,3,1,-2,3,2,-3,1,-3,-3,-1,0,-1,3,0,-3,1,2,3,3,-1,2
168,FBMHS,0,-3,0,-1,0,0,1,3,3,1,-2,1,-1,-1,-2,1,-3,0,2,1,0,1,0,3,1,0,3,-1,-3,2,2,2,-3,-1,-1,1,-3,1,-1,-1,2,-3,2,-1,0,-1,-3,2,0,1,2,1,-1,-3,3,-3,2,-3,-1,3,3,-3,2,3,-2,0,3,-3,-1,1,3,-1,3,-2,-1,-3,0,3,-1,1,3,0,1,3,3,-1,0,3,-1,-3
169,FBMHS,-3,-1,-3,-3,-2,3,0,2,3,1,2,-3,-1,-2,3,1,3,-1,3,-3,1,3,-2,-2,-3,2,1,3,0,-2,-3,3,0,-1,1,2,-3,-1,-2,2,-1,3,2,3,0,3,0,-3,3,0,-2,-1,1,-2,3,-3,-2,-1,-1,-1,3,1,-2,-1,1,1,-2,0,1,2,-3,2,-1,2,1,-3,1,-2,0,3,-2,3,3,-3,0,-3,3,-2,1,3
170,FBMHS,-2,-3,-2,0,-1,1,2,3,2,1,3,0,-3,-3,-3,-1,2,-1,-1,3,3,3,3,0,1,3,3,1,-2,2,0,0,-3,1,-1,-3,1,0,3,-1,-3,1,-1,-1,-2,-3,2,3,-2,3,3,0,1,2,0,1,3,3,-2,3,-3,-3,2,3,-2,0,-2,2,-1,-1,0,-2,1,-3,3,0,1,0,-1,-2,-1,-2,-2,1,-2,-2,-2,0,-2,2
171,FBMHS,-1,0,-2,0,-3,3,0,1,3,0,-2,0,-3,-1,-3,-2,-1,-2,-3,-3,2,-1,0,2,-3,-2,1,-3,-1,1,2,0,-3,-1,1,1,2,2,0,0,0,1,2,0,0,-1,3,-2,2,0,-1,-3,1,-3,-3,3,3,-2,1,1,-3,2,-2,2,0,2,3,0,1,1,2,-3,1,1,-1,2,-2,-1,-2,-2,0,-2,0,-3,0,2,3,1,-3,2
172,FBMHS,-3,0,-2,-3,-2,1,2,1,1,1,1,0,3,1,2,1,2,3,-3,1,0,2,-1,0,1,0,0,3,-1,0,-3,-2,-1,2,0,-3,3,0,-1,-1,-3,-3,-2,-1,0,-2,1,1,1,3,-2,-1,-1,-3,0,-2,3,2,1,0,-2,2,0,-3,0,2,3,3,2,3,3,2,1,2,3,-1,-3,0,-2,-3,1,-2,0,-2,3,-1,1,3,-2,-3
173,FBMHS,0,-3,-1,-1,-1,0,0,1,3,0,2,-2,1,3,-3,-2,0,1,-1,1,1,-1,2,-3,-3,0,-1,2,2,-3,-1,1,2,-2,0,3,-2,-3,3,-2,2,-3,2,-1,2,1,3,1,1,-2,2,-3,1,-2,1,-3,0,-2,1,3,-3,-1,-1,3,-2,2,1,1,-3,2,1,-1,1,0,3,-1,2,2,2,1,0,-2,0,3,1,-1,3,3,1,-1
174,FBMHS,0,0,-3,-1,-2,1,3,3,1,0,2,-1,1,3,3,-2,-2,-2,-3,3,3,-2,0,-1,3,-1,3,0,0,-1,-2,0,0,3,1,1,-2,3,2,0,1,1,0,2,2,-1,2,2,1,-3,-1,0,-3,3,1,1,-3,-1,3,1,-1,1,-2,-3,0,-3,-3,3,-1,-3,3,1,-2,-3,3,0,-2,1,3,1,-3,-1,1,0,2,-2,0,1,1,1
175,FBMHS,-1,-1,-2,0,-2,1,2,2,2,1,-1,-1,2,1,3,2,2,3,2,3,-1,-2,-3,2,-1,-1,-1,0,-2,1,0,0,-1,2,3,3,3,2,-3,0,3,1,2,0,-3,1,0,-2,0,2,0,2,3,2,0,2,-3,2,-2,-2,1,-3,-2,-3,-2,-1,1,0,-1,0,-1,-2,-2,2,1,2,3,-2,-3,0,-3,2,-3,2,-1,1,2,-2,-3,-1
176,FBMHS,-1,-1,-1,-2,0,0,2,3,1,2,3,0,-3,-3,-1,1,-3,-3,-1,0,3,0,-1,1,-3,-2,3,-1,2,3,-3,-2,-3,-1,0,-2,-2,-1,-1,0,1,3,-1,-1,3,1,3,-2,3,0,-3,-3,-1,-2,0,-1,0,-1,2,0,3,0,2,-3,2,2,-1,-3,1,-3,-3,-1,0,2,-2,2,-2,3,3,3,-1,3,-2,3,-1,-3,3,-2,3,-3
177,FBMHS,-1,0,0,-2,-2,0,3,3,1,0,3,2,2,3,-1,3,3,-2,1,2,-2,-3,3,3,0,0,0,1,1,2,-3,2,-3,0,0,-2,0,0,-1,0,-2,0,-3,-2,0,-1,-1,3,3,3,-3,3,-3,-2,2,2,-3,1,0,2,-3,-2,-3,3,-1,3,-2,-3,2,3,2,-3,0,3,-2,-3,-1,2,-3,1,3,-3,0,2,-1,-1,-1,-2,-3,-2
178,FBMHS,-2,0,-1,0,-2,3,1,1,3,2,3,1,-1,-3,-2,-3,-1,-1,1,3,-3,3,2,-2,0,1,-1,-3,0,3,-1,3,-3,0,-1,-3,0,2,-3,2,-1,3,-2,1,3,-1,-3,1,0,2,-1,0,-1,3,3,1,3,-1,-2,-1,2,2,2,2,3,1,3,-3,2,-1,3,-3,1,2,0,-3,2,2,0,2,-2,-3,2,1,-2,-1,0,3,3,-2
179,FBMHS,-1,-1,-2,0,-3,3,0,0,1,1,-3,2,1,1,0,3,3,-3,-2,-3,-1,-3,0,-2,-3,-2,-3,1,0,-1,-1,3,3,-3,-3,-2,2,-2,-2,-1,-2,2,-1,3,3,0,2,3,-3,-2,-2,2,1,2,-1,-3,-3,-1,-3,2,0,-1,-1,-1,0,2,2,0,-2,-3,0,-2,-1,-3,1,3,-1,-3,1,-1,-1,0,2,1,2,2,0,-2,-1,1
180,FBMHS,0,0,-1,-3,-2,1,1,3,1,1,1,1,-1,-2,0,1,-3,-1,3,2,-3,1,1,2,2,2,1,-3,3,0,-1,0,-3,-2,-3,-3,-1,2,3,1,-3,2,0,1,0,-3,1,-2,1,1,-1,-1,-3,-2,0,-2,3,-2,3,-2,2,-2,2,0,1,-2,-2,-2,-1,1,-1,-2,1,-3,0,-2,3,0,0,-3,-1,0,-2,2,2,-1,3,-1,2,-1
181,FBMHS,-3,-2,-3,-2,-2,1,1,1,0,3,-1,3,0,1,-3,-1,2,3,-3,0,-2,0,-2,1,3,0,-3,-3,1,-1,2,-1,-2,-2,2,-3,-3,-3,2,-3,0,-3,2,-3,-3,3,-2,-3,1,-3,-1,-1,-3,-1,3,-1,3,0,2,3,-3,1,3,-2,-2,0,-1,0,-1,2,0,-3,0,-1,-3,3,2,0,-3,2,-2,-3,1,2,-2,0,-3,1,-1,2
182,FBMHS,-3,-3,-1,-1,-2,1,2,1,0,1,-2,0,2,-2,-1,2,-2,1,3,0,1,-1,3,-3,0,2,2,-2,3,3,3,0,0,0,2,3,-1,1,-3,0,3,2,0,-2,1,3,-2,1,-2,0,3,-1,0,0,3,2,-2,0,2,2,-3,3,0,-2,1,-3,-2,1,-3,0,2,2,3,1,-2,2,-3,-3,3,2,3,3,0,-3,-2,-2,-1,-1,1,1
183,FBMHS,-1,0,0,-1,-2,0,1,2,3,2,1,2,2,3,-2,1,-2,1,2,-3,3,0,-3,-3,3,-2,-1,1,3,-2,-2,2,3,-1,-3,0,3,-1,-1,-1,0,1,1,2,-2,-2,1,3,-2,2,-3,0,-1,2,3,3,-1,2,-3,-1,-2,-1,0,-2,2,2,3,1,-2,-3,2,1,0,3,2,0,-3,3,-2,1,3,0,-2,-3,-1,2,-1,0,-3,-2
184,FBMHS,-2,-1,-2,-2,0,2,2,2,2,3,2,-3,3,2,0,-1,3,2,2,-1,3,-1,3,1,3,2,3,3,0,1,-3,3,2,-2,-2,-3,-2,-1,0,3,-3,-3,-1,0,1,1,1,3,-3,3,-2,-2,-1,2,1,2,-2,0,3,0,0,1,2,-3,-1,1,2,3,1,0,3,0,1,2,-2,0,-2,3,0,-1,-2,-1,0,-3,0,0,-2,-1,2,3
185,FBMHS,0,-2,-2,0,0,1,1,1,3,3,-3,2,3,0,-3,1,1,-1,-1,2,0,1,-2,-1,-1,3,2,-3,-1,-2,-3,0,-1,0,2,3,3,3,-2,3,0,0,2,2,1,-2,-1,3,2,2,-2,-2,-1,3,1,-2,3,2,3,2,0,-3,3,1,3,1,1,-1,-3,-1,0,-1,-2,1,1,-2,-3,-1,-2,3,2,-3,2,-2,2,0,1,2,2,0
186,FBMHS,0,0,0,-2,-2,1,1,2,3,2,-2,0,0,1,2,-3,2,-3,-1,3,-1,-3,3,-1,2,3,2,2,-2,1,3,-1,-3,2,-3,-1,-1,-2,-2,-3,-3,-1,3,2,3,3,3,-2,2,-2,-3,3,3,1,-1,3,3,-3,1,-2,-3,2,1,1,-2,-3,3,3,-1,-1,2,-1,1,3,1,1,2,1,3,2,2,3,2,1,-1,-2,-1,2,-2,0
187,FBMHS,-2,-1,-2,-3,-2,1,3,3,3,2,2,3,1,-1,3,0,-3,2,3,-2,-1,-3,1,-1,-1,-3,-3,2,2,2,-1,-2,0,0,-1,-2,-3,1,-3,3,0,-2,3,-3,-3,1,-3,0,0,0,-3,2,2,-2,3,-1,-1,-3,-2,0,0,1,3,-1,-3,1,0,0,3,1,-2,-3,-1,2,0,2,-2,-2,-3,3,0,-1,-3,3,-1,3,-2,-2,0,3
188,FBMHS,-3,-2,-1,-2,-3,3,2,1,2,1,0,-2,-2,-2,2,0,1,0,0,0,2,-3,2,-1,0,-1,-3,2,-2,-2,2,1,1,-2,1,-1,-2,2,0,3,3,1,2,-1,0,3,3,-3,-2,3,3,-1,-3,0,1,-2,-1,0,1,-1,-2,-3,0,2,0,0,-2,-3,0,-3,1,2,0,-3,0,-3,2,1,3,-2,2,-2,-2,-3,2,2,3,1,0,-1
189,FBMHS,-2,-2,-1,-2,0,0,3,0,0,1,2,2,-1,-1,0,1,1,-2,-1,0,-3,-1,3,0,-3,-1,-2,3,-2,-2,0,0,-2,3,3,-3,0,3,0,3,-3,-3,-3,0,-3,0,3,-2,-1,-2,-1,-3,0,-3,-3,2,-1,2,2,1,0,0,-1,1,2,1,-3,3,-1,1,1,1,3,1,-2,-1,2,-3,0,1,0,0,2,2,-1,-2,-1,-1,2,-3
190,FBMHS,-2,-3,-3,-1,-2,2,1,2,3,3,-1,-1,1,2,-3,-2,1,1,-3,-1,0,-1,0,2,-1,-1,-2,-3,-2,-1,3,-3,1,-1,-3,2,-2,-1,0,-1,1,-3,-2,-2,-2,-2,-3,-1,0,3,2,0,-2,-3,0,-1,1,0,0,3,2,-3,-2,0,1,1,3,3,0,3,1,0,2,2,-1,-3,2,-1,2,2,-1,2,-3,-3,1,-2,-2,0,2,-2
191,FBMHS,0,-2,-1,-2,-1,0,0,1,0,3,-3,3,-2,-2,3,3,-1,-1,2,-2,-1,-2,1,-2,-3,1,2,1,-3,-1,-1,-3,2,-3,-2,-3,0,3,-2,-3,2,0,-1,0,0,-3,3,3,1,0,0,2,-1,0,3,0,-1,-3,-3,0,-2,0,0,3,2,2,-1,3,0,-1,2,0,3,3,1,1,-3,-1,2,2,0,0,-1,3,3,2,2,1,3,-3
192,FBMHS,-3,-1,-1,-3,-2,1,0,2,0,2,3,-2,3,-1,1,0,-1,3,1,0,0,1,2,0,2,-2,1,0,-3,-3,2,-1,-1,-2,-2,-1,3,-3,2,3,2,2,0,3,2,1,3,3,-1,3,0,-3,0,0,2,-3,-2,2,-1,0,0,1,-3,0,0,1,1,2,-2,-2,-3,-3,-2,-1,0,-2,0,-2,-1,-2,0,-1,-1,-2,0,3,2,0,2,1
193,FBMHS,-1,-2,-2,-3,-1,0,3,3,2,2,0,1,-1,-2,1,0,-2,-2,-3,2,1,-3,1,-1,-2,-2,-1,-2,1,-3,0,-1,2,2,3,-2,2,-2,-1,3,2,0,0,-2,-3,1,-2,-2,-1,-2,2,0,2,0,0,0,-3,-1,-3,2,-3,-3,2,-3,0,-3,0,-2,1,1,1,-3,3,-3,-2,0,3,0,1,-2,-2,-1,0,-3,3,-1,3,-1,-2,-1
194,FBMHS,-2,-2,-2,-3,-3,1,0,3,2,1,-3,3,1,3,1,2,-2,-2,3,1,3,2,-3,2,2,-1,3,1,3,3,1,-2,2,0,-2,-1,0,-1,1,-2,-2,-3,-2,2,-2,2,0,3,2,-2,-1,-2,-2,2,2,-2,1,-1,3,-1,2,2,-2,0,1,2,-3,-1,0,1,0,1,3,-3,-2,-3,-2,-3,0,-3,-3,-3,2,-3,1,2,-1,1,2,-2
195,FBMHS,-2,-3,-2,-1,-3,2,1,1,3,2,-1,2,-1,3,2,-1,3,1,-2,-3,-3,2,-1,-1,-3,3,0,1,-2,0,-1,-2,0,1,-1,-2,2,-3,-3,1,1,0,3,0,-3,2,1,3,2,0,1,0,0,-1,-1,2,2,3,2,-3,3,1,1,-3,2,0,0,0,3,-3,-3,0,-2,0,2,2,1,1,-3,-2,-2,0,1,2,-3,-1,-2,1,1,-1
196,FBMHS,-3,-1,0,-2,-1,1,1,2,3,0,-3,1,0,0,-3,-3,-3,0,2,2,0,3,-2,-2,0,2,-1,-3,3,2,0,0,1,-1,-1,0,3,2,-2,0,-1,-3,0,2,2,-1,2,0,1,1,0,2,2,-3,2,3,1,-3,0,2,1,-3,-1,0,-3,3,2,-3,-3,-2,1,-2,2,-2,-3,-2,-3,-1,-1,0,-3,-2,0,2,-2,-3,2,-1,0,0
197,FBMHS,0,-3,-1,-1,0,2,1,0,3,0,2,-2,-3,1,2,-1,-3,0,3,3,3,-3,-2,3,2,3,2,-2,0,1,2,0,1,2,2,-3,3,3,-1,1,-2,-2,-2,1,-2,2,2,2,2,2,2,-2,3,1,3,-3,-3,0,1,-3,-3,3,3,-1,0,3,-2,3,2,0,-2,-2,0,-1,-1,-2,-3,2,1,-1,2,3,3,-3,-3,2,0,-2,-3,-1
198,FBMHS,0,-2,-2,-1,0,2,2,1,2,1,-3,0,-1,2,1,0,1,-2,-3,-2,-1,3,-3,1,2,-1,-2,3,-1,-1,-1,-2,-3,3,-3,-2,3,-2,2,3,-2,-1,2,3,0,3,2,1,-1,3,-3,3,2,-3,3,-1,2,-1,2,1,3,2,2,-3,-3,3,1,-3,2,2,-3,3,0,1,-2,-2,3,-2,2,1,2,-1,-3,0,-1,1,3,-1,3,0
199,FBMHS,-1,-1,-3,-1,-1,3,0,0,3,2,-1,1,1,1,-1,0,-2,3,-1,-3,-1,3,-2,-2,-2,1,1,3,1,-2,2,-2,1,3,-1,-1,-2,0,1,-2,0,1,-1,0,1,-1,1,-1,-3,0,2,2,-3,1,1,2,-1,3,0,0,0,3,1,3,-2,2,-1,-1,2,0,1,-3,-3,0,-1,0,-2,1,-1,0,2,0,3,2,3,-3,-2,0,1,1
